<?xml version = '1.0' encoding = 'UTF-8'?>
<Table class="oracle.dbtools.crest.model.design.relational.Table" directorySegmentName="seg_0" id="0ED936C1-9297-ABFD-3BD3-8D48C9531C40" name="L_COLLATERAL_X_FACILITY">
<createdBy>5585567</createdBy>
<createdTime>2022-08-18 16:04:23 UTC</createdTime>
<ownerDesignName>Risk_Data_Vault_SDP_Model_v3</ownerDesignName>
<ordsAlias>table_13</ordsAlias>
<allowColumnReorder>false</allowColumnReorder>
<existDependencyGenerateInDDl>true</existDependencyGenerateInDDl>
<parsed>true</parsed>
<columns itemClass="oracle.dbtools.crest.model.design.relational.Column">
<Column name="L_COLLATERAL_X_FAC_HK" id="FD64B281-8D7D-2B82-6812-0A486BB9C5D0">
<createdBy>5585567</createdBy>
<createdTime>2022-08-18 16:04:23 UTC</createdTime>
<ownerDesignName>Risk_Data_Vault_SDP_Model_v3</ownerDesignName>
<nullsAllowed>true</nullsAllowed>
<useDomainConstraints>false</useDomainConstraints>
<use>1</use>
<logicalDatatype>LOGDT025</logicalDatatype>
<ownDataTypeParameters>,,</ownDataTypeParameters>
<autoIncrementCycle>false</autoIncrementCycle>
</Column>
<Column name="H_COLLATERAL_BK" id="823D3C24-2EFC-CCC3-0CCB-7511814B3079">
<createdBy>911953</createdBy>
<createdTime>2022-08-31 12:20:20 UTC</createdTime>
<ownerDesignName>Risk_Data_Vault_SDP_Model_v3</ownerDesignName>
<nullsAllowed>true</nullsAllowed>
<useDomainConstraints>false</useDomainConstraints>
<use>1</use>
<logicalDatatype>LOGDT025</logicalDatatype>
<dataTypeSize>32</dataTypeSize>
<ownDataTypeParameters>32,,</ownDataTypeParameters>
<previousColumn>false</previousColumn>
<autoIncrementCycle>false</autoIncrementCycle>
</Column>
<Column name="H_FACILITY_BK" id="A7212223-9C0A-76AE-179C-98D0EBD8115B">
<createdBy>5585567</createdBy>
<createdTime>2022-08-18 16:04:23 UTC</createdTime>
<ownerDesignName>Risk_Data_Vault_SDP_Model_v3</ownerDesignName>
<nullsAllowed>true</nullsAllowed>
<useDomainConstraints>false</useDomainConstraints>
<use>1</use>
<logicalDatatype>LOGDT024</logicalDatatype>
<dataTypeSize>50</dataTypeSize>
<ownDataTypeParameters>50,,</ownDataTypeParameters>
<previousColumn>false</previousColumn>
<autoIncrementCycle>false</autoIncrementCycle>
</Column>
<Column name="RECORD_SOURCE" id="370F92CA-90DE-2EE4-91C0-027BBD3E3A62">
<createdBy>5585567</createdBy>
<createdTime>2022-08-18 16:04:23 UTC</createdTime>
<ownerDesignName>Risk_Data_Vault_SDP_Model_v3</ownerDesignName>
<nullsAllowed>true</nullsAllowed>
<useDomainConstraints>false</useDomainConstraints>
<use>1</use>
<logicalDatatype>LOGDT024</logicalDatatype>
<dataTypeSize>30</dataTypeSize>
<ownDataTypeParameters>30,,</ownDataTypeParameters>
<autoIncrementCycle>false</autoIncrementCycle>
</Column>
<Column name="LOAD_DATE" id="55D5D055-3385-452B-29E5-A0B4862F3717">
<createdBy>5585567</createdBy>
<createdTime>2022-08-18 16:04:23 UTC</createdTime>
<ownerDesignName>Risk_Data_Vault_SDP_Model_v3</ownerDesignName>
<nullsAllowed>true</nullsAllowed>
<useDomainConstraints>false</useDomainConstraints>
<use>1</use>
<logicalDatatype>LOGDT008</logicalDatatype>
<ownDataTypeParameters>,,</ownDataTypeParameters>
<autoIncrementCycle>false</autoIncrementCycle>
</Column>
</columns>
<impliedForeignKeys itemClass="oracle.dbtools.crest.model.design.relational.ImpliedForeignKey">
<impliedForeignKey name="ImpliedForeignKey_1v2" id="32627CDA-C5F8-70B4-7D80-597A29BCE871">
<createdBy>5585567</createdBy>
<createdTime>2022-09-13 14:03:28 UTC</createdTime>
<ownerDesignName>Risk_Data_Product_Models_v2</ownerDesignName>
<referredTableID>8C05B6FF-9A28-2B8B-1598-BF4D5E933399</referredTableID>
<referredTableLongName>H_COLLATERAL</referredTableLongName>
</impliedForeignKey>
<impliedForeignKey name="ImpliedForeignKey_2" id="2E8059C5-3408-4348-7821-986948087394">
<createdBy>8529981</createdBy>
<createdTime>2022-10-27 21:24:31 UTC</createdTime>
<ownerDesignName>Risk_Data_Vault_SDP_Model_v3</ownerDesignName>
<referredTableID>8C2EB9F5-0EB6-FDBA-B971-F15CFA3ED0BA</referredTableID>
<referredColumnID>947F4D26-595A-E7BD-0255-2AD0DAB4FF67</referredColumnID>
<referredTableLongName>H_FACILITY</referredTableLongName>
<referredColumnName>H_FACILITY_BK</referredColumnName>
</impliedForeignKey>
<impliedForeignKey name="ImpliedForeignKey_3" id="55E57923-8831-DCE3-6CC4-286D0B495861">
<createdBy>8529981</createdBy>
<createdTime>2022-10-27 21:24:38 UTC</createdTime>
<ownerDesignName>Risk_Data_Vault_SDP_Model_v3</ownerDesignName>
<referredTableID>7C36F16F-3372-6EF7-D6D5-200F54D3EFE4</referredTableID>
<referredColumnID>E64009F9-FD20-3E99-A6AC-59CA94257323</referredColumnID>
<referredTableLongName>S_FACILITY_COLLATERAL_DETAILS</referredTableLongName>
<referredColumnName>H_COLLATERAL_BK</referredColumnName>
</impliedForeignKey>
</impliedForeignKeys>
</Table>
