<?xml version = '1.0' encoding = 'UTF-8'?>
<Table class="oracle.dbtools.crest.model.design.relational.Table" directorySegmentName="seg_0" id="106D7C25-F486-501D-0103-DFDF88A1D9EC" name="L_COL_X_BENIFICIARY_CUST">
<createdBy>8529981</createdBy>
<createdTime>2022-10-27 21:33:23 UTC</createdTime>
<ownerDesignName>Risk_Data_Vault_SDP_Model_v3</ownerDesignName>
<ordsAlias>table_13</ordsAlias>
<allowColumnReorder>false</allowColumnReorder>
<existDependencyGenerateInDDl>true</existDependencyGenerateInDDl>
<parsed>true</parsed>
<columns itemClass="oracle.dbtools.crest.model.design.relational.Column">
<Column name="L_COL_X_BENIFICIARY_CUST_HK" id="B97FBF75-C8F6-EC95-73EB-C1F9DCCE2940">
<createdBy>8529981</createdBy>
<createdTime>2022-10-27 21:33:23 UTC</createdTime>
<ownerDesignName>Risk_Data_Vault_SDP_Model_v3</ownerDesignName>
<nullsAllowed>true</nullsAllowed>
<useDomainConstraints>false</useDomainConstraints>
<use>1</use>
<logicalDatatype>LOGDT025</logicalDatatype>
<ownDataTypeParameters>,,</ownDataTypeParameters>
<autoIncrementCycle>false</autoIncrementCycle>
<notNullConstraintName>NNC_LH_COL_X_PROVIDING_CUSTv1_L_COL_PROVIDING_CUST_KEY</notNullConstraintName>
</Column>
<Column name="H_FACILITY_BK" id="5E4994F3-D76D-DBBF-DA0A-F548F1E521B1">
<createdBy>8529981</createdBy>
<createdTime>2022-10-27 21:33:23 UTC</createdTime>
<ownerDesignName>Risk_Data_Vault_SDP_Model_v3</ownerDesignName>
<nullsAllowed>true</nullsAllowed>
<useDomainConstraints>false</useDomainConstraints>
<use>1</use>
<logicalDatatype>LOGDT024</logicalDatatype>
<ownDataTypeParameters>,,</ownDataTypeParameters>
<autoIncrementCycle>false</autoIncrementCycle>
</Column>
<Column name="H_COLLATERAL_BK" id="CF664F9A-8B00-5172-AF07-7CE2C7729DB6">
<createdBy>8529981</createdBy>
<createdTime>2022-11-15 16:26:55 UTC</createdTime>
<ownerDesignName>Risk_Data_Vault_SDP_Model_v3</ownerDesignName>
<nullsAllowed>true</nullsAllowed>
<use>0</use>
<ownDataTypeParameters>,,</ownDataTypeParameters>
<autoIncrementCycle>false</autoIncrementCycle>
</Column>
<Column name="LOAD_DATE" id="1EC57C60-8C51-DFE0-F9B2-A8420CA855D9">
<createdBy>8529981</createdBy>
<createdTime>2022-10-27 21:33:23 UTC</createdTime>
<ownerDesignName>Risk_Data_Vault_SDP_Model_v3</ownerDesignName>
<nullsAllowed>true</nullsAllowed>
<useDomainConstraints>false</useDomainConstraints>
<use>1</use>
<logicalDatatype>LOGDT008</logicalDatatype>
<ownDataTypeParameters>,,</ownDataTypeParameters>
<autoIncrementCycle>false</autoIncrementCycle>
</Column>
<Column name="RECORD_SOURCE" id="549D7F97-6269-8480-6B17-83687D36099B">
<createdBy>8529981</createdBy>
<createdTime>2022-10-27 21:33:23 UTC</createdTime>
<ownerDesignName>Risk_Data_Vault_SDP_Model_v3</ownerDesignName>
<nullsAllowed>true</nullsAllowed>
<useDomainConstraints>false</useDomainConstraints>
<use>1</use>
<logicalDatatype>LOGDT024</logicalDatatype>
<dataTypeSize>30</dataTypeSize>
<ownDataTypeParameters>30,,</ownDataTypeParameters>
<autoIncrementCycle>false</autoIncrementCycle>
</Column>
<Column name="BENIFICIARY_CUST_ID" id="C0053AFA-4F1F-B393-8FA6-C8EB38F61F35">
<createdBy>8529981</createdBy>
<createdTime>2022-10-27 21:33:23 UTC</createdTime>
<ownerDesignName>Risk_Data_Vault_SDP_Model_v3</ownerDesignName>
<nullsAllowed>true</nullsAllowed>
<useDomainConstraints>false</useDomainConstraints>
<use>1</use>
<logicalDatatype>LOGDT024</logicalDatatype>
<ownDataTypeParameters>,,</ownDataTypeParameters>
<autoIncrementCycle>false</autoIncrementCycle>
</Column>
</columns>
<impliedForeignKeys itemClass="oracle.dbtools.crest.model.design.relational.ImpliedForeignKey">
<impliedForeignKey name="ImpliedForeignKey_1v12" id="C1C1C7DF-F052-C7CC-2EAA-DDF933D2D255">
<createdBy>8529981</createdBy>
<createdTime>2022-10-27 21:34:47 UTC</createdTime>
<ownerDesignName>Risk_Data_Vault_SDP_Model_v3</ownerDesignName>
<referredTableID>8C2EB9F5-0EB6-FDBA-B971-F15CFA3ED0BA</referredTableID>
<referredColumnID>947F4D26-595A-E7BD-0255-2AD0DAB4FF67</referredColumnID>
<referredTableLongName>H_FACILITY</referredTableLongName>
<referredColumnName>H_FACILITY_BK</referredColumnName>
</impliedForeignKey>
<impliedForeignKey name="ImpliedForeignKey_2v2" id="149EBB25-AEAD-2C0C-D4A6-38A05CD88A35">
<createdBy>8529981</createdBy>
<createdTime>2022-11-15 16:25:55 UTC</createdTime>
<ownerDesignName>Risk_Data_Vault_SDP_Model_v3</ownerDesignName>
<referredTableID>8C05B6FF-9A28-2B8B-1598-BF4D5E933399</referredTableID>
<referredColumnID>06588186-270B-1FA9-73FD-0B153E51AFEC</referredColumnID>
<referredTableLongName>H_COLLATERAL</referredTableLongName>
<referredColumnName>H_COLLATERAL_BK</referredColumnName>
</impliedForeignKey>
</impliedForeignKeys>
</Table>
