<?xml version = '1.0' encoding = 'UTF-8'?>
<Table class="oracle.dbtools.crest.model.design.relational.Table" directorySegmentName="seg_0" id="2EBAC43B-7F1F-8D5B-21C0-61DECC794FCE" name="SDP_CSOR">
<createdBy>5585567</createdBy>
<createdTime>2022-09-15 14:04:00 UTC</createdTime>
<ownerDesignName>Risk_Data_Vault_SDP_Model_v3</ownerDesignName>
<ordsAlias>table_8</ordsAlias>
<useDDLTransformationScript>true</useDDLTransformationScript>
<allowColumnReorder>false</allowColumnReorder>
<existDependencyGenerateInDDl>true</existDependencyGenerateInDDl>
<parsed>true</parsed>
<columns itemClass="oracle.dbtools.crest.model.design.relational.Column">
<Column name="SDP_CSOR_PK" id="48751350-DACE-4A98-3587-08C6819A56C7">
<createdBy>5585567</createdBy>
<createdTime>2022-09-15 14:04:01 UTC</createdTime>
<ownerDesignName>Risk_Data_Vault_SDP_Model_v3</ownerDesignName>
<nullsAllowed>true</nullsAllowed>
<useDomainConstraints>false</useDomainConstraints>
<use>1</use>
<logicalDatatype>LOGDT024</logicalDatatype>
<dataTypeSize>50</dataTypeSize>
<ownDataTypeParameters>50,,</ownDataTypeParameters>
<autoIncrementCycle>false</autoIncrementCycle>
<notNullConstraintName>NNC_SDP_BANK_ENTITYv1_SDP_BANK_ENTITY_PK</notNullConstraintName>
</Column>
</columns>
<impliedForeignKeys itemClass="oracle.dbtools.crest.model.design.relational.ImpliedForeignKey">
<impliedForeignKey name="ImpliedForeignKey_1v11" id="6B1223FD-F286-8AAF-DA66-7460E4553C7D">
<createdBy>8529981</createdBy>
<createdTime>2022-10-27 21:31:00 UTC</createdTime>
<ownerDesignName>Risk_Data_Vault_SDP_Model_v3</ownerDesignName>
<referredTableID>448E04A5-DCDA-3AB6-FAC1-48E2CDCF7426</referredTableID>
<referredColumnID>B244DBA2-3630-83E7-B603-9EB8D86330AF</referredColumnID>
<referredTableLongName>L_COL_X_PROVIDING_CUST</referredTableLongName>
<referredColumnName>L_COL_X_PROVIDING_CUST_HK</referredColumnName>
</impliedForeignKey>
<impliedForeignKey name="ImpliedForeignKey_2v1" id="2209A83A-7F2E-93F3-4F68-4F439DB183AF">
<createdBy>8529981</createdBy>
<createdTime>2022-10-27 21:35:03 UTC</createdTime>
<ownerDesignName>Risk_Data_Vault_SDP_Model_v3</ownerDesignName>
<referredTableID>106D7C25-F486-501D-0103-DFDF88A1D9EC</referredTableID>
<referredColumnID>B97FBF75-C8F6-EC95-73EB-C1F9DCCE2940</referredColumnID>
<referredTableLongName>L_COL_X_BENIFICIARY_CUST</referredTableLongName>
<referredColumnName>L_COL_X_BENIFICIARY_CUST_HK</referredColumnName>
</impliedForeignKey>
</impliedForeignKeys>
</Table>
