<?xml version = '1.0' encoding = 'UTF-8'?>
<Table class="oracle.dbtools.crest.model.design.relational.Table" directorySegmentName="seg_0" id="3381E040-D65C-44AD-3709-B8AD372ED7DD" name="L_COL_X_GUARANTOR">
<createdBy>5585567</createdBy>
<createdTime>2022-09-22 13:21:53 UTC</createdTime>
<ownerDesignName>Risk_Data_Vault_SDP_Model_v3</ownerDesignName>
<ordsAlias>table_13</ordsAlias>
<allowColumnReorder>false</allowColumnReorder>
<existDependencyGenerateInDDl>true</existDependencyGenerateInDDl>
<parsed>true</parsed>
<columns itemClass="oracle.dbtools.crest.model.design.relational.Column">
<Column name="L_COL_X_GUARANTOR_HK" id="2737C5F3-7B88-88CB-989C-D15764556715">
<createdBy>5585567</createdBy>
<createdTime>2022-09-22 13:21:53 UTC</createdTime>
<ownerDesignName>Risk_Data_Vault_SDP_Model_v3</ownerDesignName>
<nullsAllowed>true</nullsAllowed>
<useDomainConstraints>false</useDomainConstraints>
<use>0</use>
<logicalDatatype>LOGDT025</logicalDatatype>
<domain>0E7B79F6-F012-A494-B975-1D7FEAC0DBFD</domain>
<ownDataTypeParameters>,,</ownDataTypeParameters>
<autoIncrementCycle>false</autoIncrementCycle>
<notNullConstraintName>NNC_LH_COL_X_PROVIDING_CUSTv1_L_COL_PROVIDING_CUST_KEY</notNullConstraintName>
</Column>
<Column name="H_COLLATERAL_BK" id="0CE8E7C8-17BC-B9F5-BD9F-C649069FE1F7">
<createdBy>5585567</createdBy>
<createdTime>2022-09-22 13:21:53 UTC</createdTime>
<ownerDesignName>Risk_Data_Vault_SDP_Model_v3</ownerDesignName>
<nullsAllowed>true</nullsAllowed>
<use>0</use>
<logicalDatatype>LOGDT024</logicalDatatype>
<domain>E8BD5C4C-F498-4337-3A6B-57A20D097E89</domain>
<ownDataTypeParameters>,,</ownDataTypeParameters>
<autoIncrementCycle>false</autoIncrementCycle>
</Column>
<Column name="LOAD_DATE" id="9EBFF183-AFA4-503E-F9CF-41622C5A2BB2">
<createdBy>5585567</createdBy>
<createdTime>2022-09-22 13:21:53 UTC</createdTime>
<ownerDesignName>Risk_Data_Vault_SDP_Model_v3</ownerDesignName>
<nullsAllowed>true</nullsAllowed>
<useDomainConstraints>false</useDomainConstraints>
<use>1</use>
<logicalDatatype>LOGDT008</logicalDatatype>
<ownDataTypeParameters>,,</ownDataTypeParameters>
<autoIncrementCycle>false</autoIncrementCycle>
</Column>
<Column name="RECORD_SOURCE" id="9B832222-7372-261B-283C-9FA620FCB7E6">
<createdBy>5585567</createdBy>
<createdTime>2022-09-22 13:21:53 UTC</createdTime>
<ownerDesignName>Risk_Data_Vault_SDP_Model_v3</ownerDesignName>
<nullsAllowed>true</nullsAllowed>
<useDomainConstraints>false</useDomainConstraints>
<use>1</use>
<logicalDatatype>LOGDT024</logicalDatatype>
<dataTypeSize>30</dataTypeSize>
<ownDataTypeParameters>30,,</ownDataTypeParameters>
<autoIncrementCycle>false</autoIncrementCycle>
</Column>
<Column name="GUAURANTOR_ID" id="527548EF-4D8B-49E6-DB71-16A249B06825">
<createdBy>5585567</createdBy>
<createdTime>2022-09-22 13:21:53 UTC</createdTime>
<ownerDesignName>Risk_Data_Vault_SDP_Model_v3</ownerDesignName>
<nullsAllowed>true</nullsAllowed>
<use>0</use>
<logicalDatatype>LOGDT024</logicalDatatype>
<domain>22C2CCE4-E9F6-A108-CF15-149DA48E8B36</domain>
<ownDataTypeParameters>,,</ownDataTypeParameters>
<autoIncrementCycle>false</autoIncrementCycle>
</Column>
</columns>
<impliedForeignKeys itemClass="oracle.dbtools.crest.model.design.relational.ImpliedForeignKey">
<impliedForeignKey name="ImpliedForeignKey_1v18" id="3D44AA75-E9CE-909B-124C-D26F1F9D6309">
<createdBy>5585567</createdBy>
<createdTime>2022-09-22 13:37:04 UTC</createdTime>
<ownerDesignName>Risk_Data_Product_Models_v2</ownerDesignName>
<referredTableID>8C05B6FF-9A28-2B8B-1598-BF4D5E933399</referredTableID>
<referredTableLongName>H_COLLATERAL</referredTableLongName>
</impliedForeignKey>
<impliedForeignKey name="ImpliedForeignKey_1v4" id="F18D7541-FFF9-84F9-E945-EB426050670D">
<createdBy>5585567</createdBy>
<createdTime>2022-09-26 14:36:23 UTC</createdTime>
<ownerDesignName>Risk_Data_Product_Models_v3</ownerDesignName>
<referredTableID>2EBAC43B-7F1F-8D5B-21C0-61DECC794FCE</referredTableID>
<referredTableLongName>SDP_CSOR</referredTableLongName>
</impliedForeignKey>
</impliedForeignKeys>
</Table>