<?xml version = '1.0' encoding = 'UTF-8'?>
<Table class="oracle.dbtools.crest.model.design.relational.Table" directorySegmentName="seg_0" id="448E04A5-DCDA-3AB6-FAC1-48E2CDCF7426" name="L_COL_X_PROVIDING_CUST">
<createdBy>8529981</createdBy>
<createdTime>2022-10-27 21:28:33 UTC</createdTime>
<ownerDesignName>Risk_Data_Vault_SDP_Model_v3</ownerDesignName>
<ordsAlias>table_13</ordsAlias>
<allowColumnReorder>false</allowColumnReorder>
<existDependencyGenerateInDDl>true</existDependencyGenerateInDDl>
<parsed>true</parsed>
<columns itemClass="oracle.dbtools.crest.model.design.relational.Column">
<Column name="L_COL_X_PROVIDING_CUST_HK" id="B244DBA2-3630-83E7-B603-9EB8D86330AF">
<createdBy>8529981</createdBy>
<createdTime>2022-10-27 21:28:33 UTC</createdTime>
<ownerDesignName>Risk_Data_Vault_SDP_Model_v3</ownerDesignName>
<nullsAllowed>true</nullsAllowed>
<useDomainConstraints>false</useDomainConstraints>
<use>1</use>
<logicalDatatype>LOGDT025</logicalDatatype>
<ownDataTypeParameters>,,</ownDataTypeParameters>
<autoIncrementCycle>false</autoIncrementCycle>
<notNullConstraintName>NNC_LH_COL_X_PROVIDING_CUSTv1_L_COL_PROVIDING_CUST_KEY</notNullConstraintName>
</Column>
<Column name="H_COLLATERAL_BK" id="A6D58279-289F-FE99-38C6-1CFDFB4F2192">
<createdBy>8529981</createdBy>
<createdTime>2022-10-27 21:28:33 UTC</createdTime>
<ownerDesignName>Risk_Data_Vault_SDP_Model_v3</ownerDesignName>
<nullsAllowed>true</nullsAllowed>
<useDomainConstraints>false</useDomainConstraints>
<use>1</use>
<logicalDatatype>LOGDT024</logicalDatatype>
<ownDataTypeParameters>,,</ownDataTypeParameters>
<autoIncrementCycle>false</autoIncrementCycle>
</Column>
<Column name="LOAD_DATE" id="46918820-7B1A-5FDE-3149-CAE433015CFC">
<createdBy>8529981</createdBy>
<createdTime>2022-10-27 21:28:33 UTC</createdTime>
<ownerDesignName>Risk_Data_Vault_SDP_Model_v3</ownerDesignName>
<nullsAllowed>true</nullsAllowed>
<useDomainConstraints>false</useDomainConstraints>
<use>1</use>
<logicalDatatype>LOGDT008</logicalDatatype>
<ownDataTypeParameters>,,</ownDataTypeParameters>
<autoIncrementCycle>false</autoIncrementCycle>
</Column>
<Column name="RECORD_SOURCE" id="A87FD426-6876-A6F9-B7CA-E0C30E1A4D62">
<createdBy>8529981</createdBy>
<createdTime>2022-10-27 21:28:33 UTC</createdTime>
<ownerDesignName>Risk_Data_Vault_SDP_Model_v3</ownerDesignName>
<nullsAllowed>true</nullsAllowed>
<useDomainConstraints>false</useDomainConstraints>
<use>1</use>
<logicalDatatype>LOGDT024</logicalDatatype>
<dataTypeSize>30</dataTypeSize>
<ownDataTypeParameters>30,,</ownDataTypeParameters>
<autoIncrementCycle>false</autoIncrementCycle>
</Column>
<Column name="PROVIDING_CUST_ID" id="F6E91687-C506-DA83-0819-BC945EDA0782">
<createdBy>8529981</createdBy>
<createdTime>2022-10-27 21:28:33 UTC</createdTime>
<ownerDesignName>Risk_Data_Vault_SDP_Model_v3</ownerDesignName>
<nullsAllowed>true</nullsAllowed>
<useDomainConstraints>false</useDomainConstraints>
<use>1</use>
<logicalDatatype>LOGDT024</logicalDatatype>
<ownDataTypeParameters>,,</ownDataTypeParameters>
<autoIncrementCycle>false</autoIncrementCycle>
</Column>
</columns>
<impliedForeignKeys itemClass="oracle.dbtools.crest.model.design.relational.ImpliedForeignKey">
<impliedForeignKey name="ImpliedForeignKey_1v5" id="E5E6CC0E-62C2-0018-5A73-3C2803647F0E">
<createdBy>8529981</createdBy>
<createdTime>2022-10-27 21:29:46 UTC</createdTime>
<ownerDesignName>Risk_Data_Vault_SDP_Model_v3</ownerDesignName>
<referredTableID>8C05B6FF-9A28-2B8B-1598-BF4D5E933399</referredTableID>
<referredColumnID>06588186-270B-1FA9-73FD-0B153E51AFEC</referredColumnID>
<referredTableLongName>H_COLLATERAL</referredTableLongName>
<referredColumnName>H_COLLATERAL_BK</referredColumnName>
</impliedForeignKey>
</impliedForeignKeys>
</Table>
