<?xml version = '1.0' encoding = 'UTF-8'?>
<Table class="oracle.dbtools.crest.model.design.relational.Table" directorySegmentName="seg_0" id="4DCCAF0D-C8E8-392F-6074-426A220DFDC6" name="H_COLL_CHARGE">
<createdBy>5585567</createdBy>
<createdTime>2022-09-15 14:18:03 UTC</createdTime>
<ownerDesignName>Risk_Data_Vault_SDP_Model_v3</ownerDesignName>
<shouldEngineer>false</shouldEngineer>
<ordsAlias>table_1</ordsAlias>
<allowColumnReorder>false</allowColumnReorder>
<existDependencyGenerateInDDl>true</existDependencyGenerateInDDl>
<parsed>true</parsed>
<columns itemClass="oracle.dbtools.crest.model.design.relational.Column">
<Column name="H_COLL_CHARGE_BK" id="5061A349-F079-70EB-42B8-30DAEEF79B8D">
<createdBy>5585567</createdBy>
<createdTime>2022-09-15 14:18:03 UTC</createdTime>
<ownerDesignName>Risk_Data_Vault_SDP_Model_v3</ownerDesignName>
<nullsAllowed>true</nullsAllowed>
<useDomainConstraints>false</useDomainConstraints>
<use>1</use>
<logicalDatatype>LOGDT024</logicalDatatype>
<ownDataTypeParameters>,,</ownDataTypeParameters>
<autoIncrementCycle>false</autoIncrementCycle>
</Column>
<Column name="RECORD_SOURCE" id="DBF0823B-21B3-3733-17D5-1704CE9F8554">
<createdBy>5585567</createdBy>
<createdTime>2022-09-15 14:18:03 UTC</createdTime>
<ownerDesignName>Risk_Data_Vault_SDP_Model_v3</ownerDesignName>
<nullsAllowed>true</nullsAllowed>
<useDomainConstraints>false</useDomainConstraints>
<use>1</use>
<logicalDatatype>LOGDT024</logicalDatatype>
<dataTypeSize>30</dataTypeSize>
<ownDataTypeParameters>30,,</ownDataTypeParameters>
<autoIncrementCycle>false</autoIncrementCycle>
</Column>
<Column name="LOAD_DATE" id="D3A92B94-251C-0AE4-CFA1-D22FBD9D28E2">
<createdBy>5585567</createdBy>
<createdTime>2022-09-15 14:18:03 UTC</createdTime>
<ownerDesignName>Risk_Data_Vault_SDP_Model_v3</ownerDesignName>
<nullsAllowed>true</nullsAllowed>
<useDomainConstraints>false</useDomainConstraints>
<use>1</use>
<logicalDatatype>LOGDT008</logicalDatatype>
<ownDataTypeParameters>,,</ownDataTypeParameters>
<autoIncrementCycle>false</autoIncrementCycle>
</Column>
<Column name="COLL_CHARGE_ID" id="C8969C0C-4DBF-1355-0EDB-46BD68E02EAB">
<createdBy>5585567</createdBy>
<createdTime>2022-09-15 14:33:35 UTC</createdTime>
<ownerDesignName>Risk_Data_Vault_SDP_Model_v3</ownerDesignName>
<nullsAllowed>true</nullsAllowed>
<useDomainConstraints>false</useDomainConstraints>
<use>1</use>
<logicalDatatype>LOGDT024</logicalDatatype>
<ownDataTypeParameters>,,</ownDataTypeParameters>
<autoIncrementCycle>false</autoIncrementCycle>
</Column>
<Column name="RECORD_SOURCE_KEY" id="E93A0207-2E72-E759-8F10-6E6475DEBC26">
<createdBy>8529981</createdBy>
<createdTime>2022-10-27 21:40:55 UTC</createdTime>
<ownerDesignName>Risk_Data_Vault_SDP_Model_v3</ownerDesignName>
<nullsAllowed>true</nullsAllowed>
<useDomainConstraints>false</useDomainConstraints>
<use>1</use>
<logicalDatatype>LOGDT024</logicalDatatype>
<ownDataTypeParameters>,,</ownDataTypeParameters>
<autoIncrementCycle>false</autoIncrementCycle>
</Column>
</columns>
</Table>
