<?xml version = '1.0' encoding = 'UTF-8'?>
<Table class="oracle.dbtools.crest.model.design.relational.Table" directorySegmentName="seg_0" id="5A65BD0B-4070-C957-B657-D4B3CC7536C8" name="S_COLLATERAL_DEBENTURES">
<createdBy>8529655</createdBy>
<createdTime>2022-12-08 11:43:44 UTC</createdTime>
<ownerDesignName>Risk_Data_Vault_SDP_Model_v3</ownerDesignName>
<ordsAlias>table_27</ordsAlias>
<allowColumnReorder>false</allowColumnReorder>
<existDependencyGenerateInDDl>true</existDependencyGenerateInDDl>
<parsed>true</parsed>
<columns itemClass="oracle.dbtools.crest.model.design.relational.Column">
<Column name="H_COLLATERAL_BK" id="A74B7805-90C8-063B-4032-4D050A4DF943">
<createdBy>8529655</createdBy>
<createdTime>2022-12-08 11:43:44 UTC</createdTime>
<ownerDesignName>Risk_Data_Vault_SDP_Model_v3</ownerDesignName>
<nullsAllowed>true</nullsAllowed>
<useDomainConstraints>false</useDomainConstraints>
<use>1</use>
<logicalDatatype>LOGDT024</logicalDatatype>
<dataTypeSize>32</dataTypeSize>
<ownDataTypeParameters>32,,</ownDataTypeParameters>
<autoIncrementCycle>false</autoIncrementCycle>
<notNullConstraintName>NNC_S_COLLATERAL_PROPERTYv1_L_COLLATERAL_X_COLLATERAL_T_HK</notNullConstraintName>
</Column>
<Column name="RECORD_SOURCE" id="1B2E41B3-8B75-A8FF-DF48-559C7009C08C">
<createdBy>8529655</createdBy>
<createdTime>2022-12-08 11:43:44 UTC</createdTime>
<ownerDesignName>Risk_Data_Vault_SDP_Model_v3</ownerDesignName>
<nullsAllowed>true</nullsAllowed>
<useDomainConstraints>false</useDomainConstraints>
<use>1</use>
<logicalDatatype>LOGDT024</logicalDatatype>
<ownDataTypeParameters>,,</ownDataTypeParameters>
<autoIncrementCycle>false</autoIncrementCycle>
</Column>
<Column name="HASH_DIFF" id="0A114803-8C2A-2FEA-6052-817DC9EB4868">
<createdBy>8529655</createdBy>
<createdTime>2022-12-08 11:43:44 UTC</createdTime>
<ownerDesignName>Risk_Data_Vault_SDP_Model_v3</ownerDesignName>
<nullsAllowed>true</nullsAllowed>
<useDomainConstraints>false</useDomainConstraints>
<use>1</use>
<logicalDatatype>LOGDT025</logicalDatatype>
<ownDataTypeParameters>,,</ownDataTypeParameters>
<autoIncrementCycle>false</autoIncrementCycle>
</Column>
<Column name="Factoring_Agreement_Details" id="9362E565-C1A2-A563-BB92-188B3B409C09">
<createdBy>8529655</createdBy>
<createdTime>2022-12-08 11:45:08 UTC</createdTime>
<ownerDesignName>Risk_Data_Vault_SDP_Model_v3</ownerDesignName>
<nullsAllowed>true</nullsAllowed>
<useDomainConstraints>false</useDomainConstraints>
<use>1</use>
<logicalDatatype>LOGDT024</logicalDatatype>
<ownDataTypeParameters>,,</ownDataTypeParameters>
<autoIncrementCycle>false</autoIncrementCycle>
</Column>
<Column name="Date_of_Debenture" id="964972ED-C55F-B5A0-CE4F-DB6665E0D4C8">
<createdBy>8529655</createdBy>
<createdTime>2022-12-08 11:48:59 UTC</createdTime>
<ownerDesignName>Risk_Data_Vault_SDP_Model_v3</ownerDesignName>
<nullsAllowed>true</nullsAllowed>
<useDomainConstraints>false</useDomainConstraints>
<use>1</use>
<logicalDatatype>LOGDT007</logicalDatatype>
<ownDataTypeParameters>,,</ownDataTypeParameters>
<autoIncrementCycle>false</autoIncrementCycle>
</Column>
<Column name="Deed_of_Priority_Details" id="5F212AEB-5D70-36F1-D841-581A57073934">
<createdBy>8529655</createdBy>
<createdTime>2022-12-08 11:48:59 UTC</createdTime>
<ownerDesignName>Risk_Data_Vault_SDP_Model_v3</ownerDesignName>
<nullsAllowed>true</nullsAllowed>
<useDomainConstraints>false</useDomainConstraints>
<use>1</use>
<logicalDatatype>LOGDT024</logicalDatatype>
<ownDataTypeParameters>,,</ownDataTypeParameters>
<autoIncrementCycle>false</autoIncrementCycle>
</Column>
<Column name="Date_of_Deed_of_Priority" id="2573DAC5-E2C2-632E-F31F-26B4A3D81C91">
<createdBy>8529655</createdBy>
<createdTime>2022-12-08 11:48:59 UTC</createdTime>
<ownerDesignName>Risk_Data_Vault_SDP_Model_v3</ownerDesignName>
<nullsAllowed>true</nullsAllowed>
<useDomainConstraints>false</useDomainConstraints>
<use>1</use>
<logicalDatatype>LOGDT007</logicalDatatype>
<ownDataTypeParameters>,,</ownDataTypeParameters>
<autoIncrementCycle>false</autoIncrementCycle>
</Column>
<Column name="Charge_Bond_Floating_Charge" id="158630A2-0F73-FBC4-78A8-7496CF65FF3A">
<createdBy>8529655</createdBy>
<createdTime>2022-12-08 12:49:13 UTC</createdTime>
<ownerDesignName>Risk_Data_Vault_SDP_Model_v3</ownerDesignName>
<nullsAllowed>true</nullsAllowed>
<useDomainConstraints>false</useDomainConstraints>
<use>1</use>
<logicalDatatype>LOGDT019</logicalDatatype>
<ownDataTypeParameters>,,</ownDataTypeParameters>
<autoIncrementCycle>false</autoIncrementCycle>
</Column>
<Column name="Date_of_Factoring_Agreement" id="07E32250-1F1F-B26E-E078-5D4DC0853E7C">
<createdBy>8529655</createdBy>
<createdTime>2022-12-08 11:48:59 UTC</createdTime>
<ownerDesignName>Risk_Data_Vault_SDP_Model_v3</ownerDesignName>
<nullsAllowed>true</nullsAllowed>
<useDomainConstraints>false</useDomainConstraints>
<use>1</use>
<logicalDatatype>LOGDT007</logicalDatatype>
<ownDataTypeParameters>,,</ownDataTypeParameters>
<autoIncrementCycle>false</autoIncrementCycle>
</Column>
<Column name="Factoring Agreement" id="F03A912B-695E-A8D5-4D9A-1635C32B9BC9">
<createdBy>8529655</createdBy>
<createdTime>2022-12-08 11:48:59 UTC</createdTime>
<ownerDesignName>Risk_Data_Vault_SDP_Model_v3</ownerDesignName>
<nullsAllowed>true</nullsAllowed>
<useDomainConstraints>false</useDomainConstraints>
<use>1</use>
<logicalDatatype>LOGDT006</logicalDatatype>
<ownDataTypeParameters>,,</ownDataTypeParameters>
<autoIncrementCycle>false</autoIncrementCycle>
</Column>
<Column name="Debenture_Value" id="8FE29BE0-FD39-410D-DCD1-54CA29E5EA91">
<createdBy>8529655</createdBy>
<createdTime>2022-12-08 11:48:59 UTC</createdTime>
<ownerDesignName>Risk_Data_Vault_SDP_Model_v3</ownerDesignName>
<nullsAllowed>true</nullsAllowed>
<useDomainConstraints>false</useDomainConstraints>
<use>1</use>
<logicalDatatype>LOGDT019</logicalDatatype>
<ownDataTypeParameters>,,</ownDataTypeParameters>
<autoIncrementCycle>false</autoIncrementCycle>
</Column>
<Column name="CRUD_FLAG" id="584A4019-FF83-19E6-EF3F-D541B0F1B5B9">
<createdBy>8529655</createdBy>
<createdTime>2022-12-08 11:43:44 UTC</createdTime>
<ownerDesignName>Risk_Data_Vault_SDP_Model_v3</ownerDesignName>
<nullsAllowed>true</nullsAllowed>
<useDomainConstraints>false</useDomainConstraints>
<use>1</use>
<logicalDatatype>LOGDT024</logicalDatatype>
<ownDataTypeParameters>,,</ownDataTypeParameters>
<autoIncrementCycle>false</autoIncrementCycle>
</Column>
<Column name="EFF_FROM_DATE" id="FA773AC0-1952-6122-12A1-BF3318A76E96">
<createdBy>8529655</createdBy>
<createdTime>2022-12-08 11:43:44 UTC</createdTime>
<ownerDesignName>Risk_Data_Vault_SDP_Model_v3</ownerDesignName>
<nullsAllowed>true</nullsAllowed>
<useDomainConstraints>false</useDomainConstraints>
<use>1</use>
<logicalDatatype>LOGDT008</logicalDatatype>
<ownDataTypeParameters>,,</ownDataTypeParameters>
<autoIncrementCycle>false</autoIncrementCycle>
</Column>
<Column name="LOAD_DATE" id="671580C3-04DE-06E6-0A22-66C153C72D41">
<createdBy>8529655</createdBy>
<createdTime>2022-12-08 11:43:44 UTC</createdTime>
<ownerDesignName>Risk_Data_Vault_SDP_Model_v3</ownerDesignName>
<nullsAllowed>true</nullsAllowed>
<useDomainConstraints>false</useDomainConstraints>
<use>1</use>
<logicalDatatype>LOGDT008</logicalDatatype>
<ownDataTypeParameters>,,</ownDataTypeParameters>
<autoIncrementCycle>false</autoIncrementCycle>
</Column>
</columns>
<impliedForeignKeys itemClass="oracle.dbtools.crest.model.design.relational.ImpliedForeignKey">
<impliedForeignKey name="ImpliedForeignKey_1v13" id="1DE68389-6C89-C660-9B00-4048806FF2CF">
<createdBy>8529655</createdBy>
<createdTime>2022-12-08 11:49:10 UTC</createdTime>
<ownerDesignName>Risk_Data_Vault_SDP_Model_v3</ownerDesignName>
<referredTableID>8C05B6FF-9A28-2B8B-1598-BF4D5E933399</referredTableID>
<referredColumnID>06588186-270B-1FA9-73FD-0B153E51AFEC</referredColumnID>
<referredTableLongName>H_COLLATERAL</referredTableLongName>
<referredColumnName>H_COLLATERAL_BK</referredColumnName>
</impliedForeignKey>
</impliedForeignKeys>
</Table>