<?xml version = '1.0' encoding = 'UTF-8'?>
<Table class="oracle.dbtools.crest.model.design.relational.Table" directorySegmentName="seg_0" id="7C36F16F-3372-6EF7-D6D5-200F54D3EFE4" name="S_FACILITY_COLLATERAL_DETAILS">
<createdBy>8529981</createdBy>
<createdTime>2022-10-27 21:20:36 UTC</createdTime>
<ownerDesignName>Risk_Data_Vault_SDP_Model_v3</ownerDesignName>
<ordsAlias>table_4</ordsAlias>
<allowColumnReorder>false</allowColumnReorder>
<existDependencyGenerateInDDl>true</existDependencyGenerateInDDl>
<parsed>true</parsed>
<columns itemClass="oracle.dbtools.crest.model.design.relational.Column">
<Column name="H_COLLATERAL_BK" id="E64009F9-FD20-3E99-A6AC-59CA94257323">
<createdBy>8529981</createdBy>
<createdTime>2022-10-27 21:20:36 UTC</createdTime>
<ownerDesignName>Risk_Data_Vault_SDP_Model_v3</ownerDesignName>
<useDomainConstraints>false</useDomainConstraints>
<use>1</use>
<logicalDatatype>LOGDT024</logicalDatatype>
<dataTypeSize>50</dataTypeSize>
<ownDataTypeParameters>50,,</ownDataTypeParameters>
<autoIncrementCycle>false</autoIncrementCycle>
</Column>
<Column name="RECORD SOURCE" id="9C567AED-4F55-3A90-9F0A-4A61841AB0D5">
<createdBy>8529981</createdBy>
<createdTime>2022-10-27 21:20:36 UTC</createdTime>
<ownerDesignName>Risk_Data_Vault_SDP_Model_v3</ownerDesignName>
<nullsAllowed>true</nullsAllowed>
<useDomainConstraints>false</useDomainConstraints>
<use>1</use>
<logicalDatatype>LOGDT024</logicalDatatype>
<ownDataTypeParameters>,,</ownDataTypeParameters>
<autoIncrementCycle>false</autoIncrementCycle>
</Column>
<Column name="HASH_DIFF" id="4344CB5D-DEC1-6C1A-3D8A-BC19F063789F">
<createdBy>8529981</createdBy>
<createdTime>2022-10-27 21:20:36 UTC</createdTime>
<ownerDesignName>Risk_Data_Vault_SDP_Model_v3</ownerDesignName>
<nullsAllowed>true</nullsAllowed>
<useDomainConstraints>false</useDomainConstraints>
<use>1</use>
<logicalDatatype>LOGDT025</logicalDatatype>
<ownDataTypeParameters>,,</ownDataTypeParameters>
<autoIncrementCycle>false</autoIncrementCycle>
</Column>
<Column name="FACILITY_ALLOC_VALUE" id="E93774DC-4490-8E0B-A42E-A25DD636461C">
<createdBy>8529981</createdBy>
<createdTime>2022-10-27 21:20:36 UTC</createdTime>
<ownerDesignName>Risk_Data_Vault_SDP_Model_v3</ownerDesignName>
<nullsAllowed>true</nullsAllowed>
<useDomainConstraints>false</useDomainConstraints>
<use>1</use>
<logicalDatatype>LOGDT019</logicalDatatype>
<ownDataTypeParameters>,,</ownDataTypeParameters>
<autoIncrementCycle>false</autoIncrementCycle>
</Column>
<Column name="FACILITY_ALLOC_CURR" id="816E3CBF-FBBB-7A72-3F0F-EBD7C9C6BDEA">
<createdBy>8529981</createdBy>
<createdTime>2022-10-27 21:20:36 UTC</createdTime>
<ownerDesignName>Risk_Data_Vault_SDP_Model_v3</ownerDesignName>
<nullsAllowed>true</nullsAllowed>
<useDomainConstraints>false</useDomainConstraints>
<use>1</use>
<logicalDatatype>LOGDT024</logicalDatatype>
<ownDataTypeParameters>,,</ownDataTypeParameters>
<autoIncrementCycle>false</autoIncrementCycle>
</Column>
<Column name="CRUD_FLAG" id="5FB92A96-BEDD-84F9-76B2-75A3B758DE77">
<createdBy>8529981</createdBy>
<createdTime>2022-10-27 21:36:04 UTC</createdTime>
<ownerDesignName>Risk_Data_Vault_SDP_Model_v3</ownerDesignName>
<nullsAllowed>true</nullsAllowed>
<useDomainConstraints>false</useDomainConstraints>
<use>1</use>
<logicalDatatype>LOGDT024</logicalDatatype>
<ownDataTypeParameters>,,</ownDataTypeParameters>
<autoIncrementCycle>false</autoIncrementCycle>
</Column>
<Column name="EFF_FROM_DATE" id="5E56FA62-1ACE-6DF7-B0AD-DC07AA433AB0">
<createdBy>8529981</createdBy>
<createdTime>2022-10-27 21:37:59 UTC</createdTime>
<ownerDesignName>Risk_Data_Vault_SDP_Model_v3</ownerDesignName>
<nullsAllowed>true</nullsAllowed>
<useDomainConstraints>false</useDomainConstraints>
<use>1</use>
<logicalDatatype>LOGDT008</logicalDatatype>
<ownDataTypeParameters>,,</ownDataTypeParameters>
<autoIncrementCycle>false</autoIncrementCycle>
</Column>
<Column name="LOAD_DATE" id="9DAAEDE3-42D7-24B9-2A36-B80AEBEF54E1">
<createdBy>8529981</createdBy>
<createdTime>2022-10-27 21:20:36 UTC</createdTime>
<ownerDesignName>Risk_Data_Vault_SDP_Model_v3</ownerDesignName>
<nullsAllowed>true</nullsAllowed>
<useDomainConstraints>false</useDomainConstraints>
<use>1</use>
<logicalDatatype>LOGDT008</logicalDatatype>
<ownDataTypeParameters>,,</ownDataTypeParameters>
<autoIncrementCycle>false</autoIncrementCycle>
</Column>
</columns>
</Table>
