<?xml version = '1.0' encoding = 'UTF-8'?>
<Table class="oracle.dbtools.crest.model.design.relational.Table" directorySegmentName="seg_0" id="8C05B6FF-9A28-2B8B-1598-BF4D5E933399" name="H_COLLATERAL">
<createdBy>5585567</createdBy>
<createdTime>2022-08-18 14:34:20 UTC</createdTime>
<ownerDesignName>Risk_Data_Vault_SDP_Model_v3</ownerDesignName>
<ordsAlias>table_1</ordsAlias>
<allowColumnReorder>false</allowColumnReorder>
<existDependencyGenerateInDDl>true</existDependencyGenerateInDDl>
<parsed>true</parsed>
<columns itemClass="oracle.dbtools.crest.model.design.relational.Column">
<Column name="H_COLLATERAL_BK" id="06588186-270B-1FA9-73FD-0B153E51AFEC">
<createdBy>5585567</createdBy>
<createdTime>2022-08-18 14:34:20 UTC</createdTime>
<ownerDesignName>Risk_Data_Vault_SDP_Model_v3</ownerDesignName>
<nullsAllowed>true</nullsAllowed>
<useDomainConstraints>false</useDomainConstraints>
<use>1</use>
<logicalDatatype>LOGDT024</logicalDatatype>
<dataTypeSize>32</dataTypeSize>
<ownDataTypeParameters>32,,</ownDataTypeParameters>
<autoIncrementCycle>false</autoIncrementCycle>
</Column>
<Column name="LOAD_DATE" id="E95E314B-3F05-DDAD-7307-F7F1638DB302">
<createdBy>5585567</createdBy>
<createdTime>2022-08-18 14:34:20 UTC</createdTime>
<ownerDesignName>Risk_Data_Vault_SDP_Model_v3</ownerDesignName>
<nullsAllowed>true</nullsAllowed>
<useDomainConstraints>false</useDomainConstraints>
<use>1</use>
<logicalDatatype>LOGDT008</logicalDatatype>
<ownDataTypeParameters>,,</ownDataTypeParameters>
<autoIncrementCycle>false</autoIncrementCycle>
</Column>
<Column name="RECORD_SOURCE" id="5D3EF3ED-0395-405E-87E9-FE3E4B40BF5B">
<createdBy>5585567</createdBy>
<createdTime>2022-08-18 14:34:20 UTC</createdTime>
<ownerDesignName>Risk_Data_Vault_SDP_Model_v3</ownerDesignName>
<nullsAllowed>true</nullsAllowed>
<useDomainConstraints>false</useDomainConstraints>
<use>1</use>
<logicalDatatype>LOGDT024</logicalDatatype>
<dataTypeSize>30</dataTypeSize>
<ownDataTypeParameters>30,,</ownDataTypeParameters>
<autoIncrementCycle>false</autoIncrementCycle>
</Column>
<Column name="COLLATERAL_ID" id="C2EE251B-D774-1910-DCA7-5F05A0F098C1">
<createdBy>5585567</createdBy>
<createdTime>2022-08-18 14:34:20 UTC</createdTime>
<ownerDesignName>Risk_Data_Vault_SDP_Model_v3</ownerDesignName>
<nullsAllowed>true</nullsAllowed>
<useDomainConstraints>false</useDomainConstraints>
<use>1</use>
<logicalDatatype>LOGDT024</logicalDatatype>
<dataTypeSize>50</dataTypeSize>
<ownDataTypeParameters>50,,</ownDataTypeParameters>
<autoIncrementCycle>false</autoIncrementCycle>
</Column>
<Column name="RECORD_SOURCE_KEY" id="18E7DC2E-9EC1-05BA-C45E-1CC7C86F63FA">
<createdBy>8529981</createdBy>
<createdTime>2022-10-27 21:40:19 UTC</createdTime>
<ownerDesignName>Risk_Data_Vault_SDP_Model_v3</ownerDesignName>
<nullsAllowed>true</nullsAllowed>
<useDomainConstraints>false</useDomainConstraints>
<use>1</use>
<logicalDatatype>LOGDT024</logicalDatatype>
<ownDataTypeParameters>,,</ownDataTypeParameters>
<autoIncrementCycle>false</autoIncrementCycle>
</Column>
</columns>
</Table>
