<?xml version = '1.0' encoding = 'UTF-8'?>
<Table class="oracle.dbtools.crest.model.design.relational.Table" directorySegmentName="seg_0" id="8C2EB9F5-0EB6-FDBA-B971-F15CFA3ED0BA" name="H_FACILITY">
<createdBy>8529981</createdBy>
<createdTime>2022-10-27 21:18:41 UTC</createdTime>
<ownerDesignName>Risk_Data_Vault_SDP_Model_v3</ownerDesignName>
<ordsAlias>table_1</ordsAlias>
<allowColumnReorder>false</allowColumnReorder>
<existDependencyGenerateInDDl>true</existDependencyGenerateInDDl>
<parsed>true</parsed>
<columns itemClass="oracle.dbtools.crest.model.design.relational.Column">
<Column name="H_FACILITY_BK" id="947F4D26-595A-E7BD-0255-2AD0DAB4FF67">
<createdBy>8529981</createdBy>
<createdTime>2022-10-27 21:18:41 UTC</createdTime>
<ownerDesignName>Risk_Data_Vault_SDP_Model_v3</ownerDesignName>
<nullsAllowed>true</nullsAllowed>
<useDomainConstraints>false</useDomainConstraints>
<use>1</use>
<logicalDatatype>LOGDT024</logicalDatatype>
<dataTypeSize>32</dataTypeSize>
<ownDataTypeParameters>32,,</ownDataTypeParameters>
<autoIncrementCycle>false</autoIncrementCycle>
</Column>
<Column name="LOAD_DATE" id="4D8CC901-9916-166C-E0CA-EC5A4C9AB3B3">
<createdBy>8529981</createdBy>
<createdTime>2022-10-27 21:18:41 UTC</createdTime>
<ownerDesignName>Risk_Data_Vault_SDP_Model_v3</ownerDesignName>
<nullsAllowed>true</nullsAllowed>
<useDomainConstraints>false</useDomainConstraints>
<use>1</use>
<logicalDatatype>LOGDT008</logicalDatatype>
<ownDataTypeParameters>,,</ownDataTypeParameters>
<autoIncrementCycle>false</autoIncrementCycle>
</Column>
<Column name="RECORD_SOURCE" id="F07520D8-362C-07FE-84D5-69E199A5892D">
<createdBy>8529981</createdBy>
<createdTime>2022-10-27 21:18:41 UTC</createdTime>
<ownerDesignName>Risk_Data_Vault_SDP_Model_v3</ownerDesignName>
<nullsAllowed>true</nullsAllowed>
<useDomainConstraints>false</useDomainConstraints>
<use>1</use>
<logicalDatatype>LOGDT024</logicalDatatype>
<dataTypeSize>30</dataTypeSize>
<ownDataTypeParameters>30,,</ownDataTypeParameters>
<autoIncrementCycle>false</autoIncrementCycle>
</Column>
<Column name="FACILITY_ID" id="E4704C25-B661-8225-BA51-8D84CE727D35">
<createdBy>8529981</createdBy>
<createdTime>2022-10-27 21:18:41 UTC</createdTime>
<ownerDesignName>Risk_Data_Vault_SDP_Model_v3</ownerDesignName>
<nullsAllowed>true</nullsAllowed>
<useDomainConstraints>false</useDomainConstraints>
<use>1</use>
<logicalDatatype>LOGDT024</logicalDatatype>
<dataTypeSize>50</dataTypeSize>
<ownDataTypeParameters>50,,</ownDataTypeParameters>
<autoIncrementCycle>false</autoIncrementCycle>
</Column>
<Column name="RECORD_SOURCE_KEY" id="586360FF-1123-7D86-D9AB-002F566F7783">
<createdBy>8529981</createdBy>
<createdTime>2022-10-27 21:41:18 UTC</createdTime>
<ownerDesignName>Risk_Data_Vault_SDP_Model_v3</ownerDesignName>
<nullsAllowed>true</nullsAllowed>
<useDomainConstraints>false</useDomainConstraints>
<use>1</use>
<logicalDatatype>LOGDT024</logicalDatatype>
<ownDataTypeParameters>,,</ownDataTypeParameters>
<autoIncrementCycle>false</autoIncrementCycle>
</Column>
</columns>
</Table>
