<?xml version = '1.0' encoding = 'UTF-8'?>
<Table class="oracle.dbtools.crest.model.design.relational.Table" directorySegmentName="seg_0" id="9D8D91AE-4961-826C-75CC-345C56FEA562" name="S_COLLATERAL_VALUATION">
<createdBy>5585567</createdBy>
<createdTime>2022-09-15 12:13:12 UTC</createdTime>
<ownerDesignName>Risk_Data_Vault_SDP_Model_v3</ownerDesignName>
<ordsAlias>table_27</ordsAlias>
<allowColumnReorder>false</allowColumnReorder>
<existDependencyGenerateInDDl>true</existDependencyGenerateInDDl>
<parsed>true</parsed>
<columns itemClass="oracle.dbtools.crest.model.design.relational.Column">
<Column name="H_COLLATERAL_BKKEY" id="4BE4D39E-9E39-BBB1-FFD8-EC635972658E">
<createdBy>5585567</createdBy>
<createdTime>2022-09-15 12:13:12 UTC</createdTime>
<ownerDesignName>Risk_Data_Vault_SDP_Model_v3</ownerDesignName>
<nullsAllowed>true</nullsAllowed>
<useDomainConstraints>false</useDomainConstraints>
<use>1</use>
<logicalDatatype>LOGDT024</logicalDatatype>
<dataTypeSize>32</dataTypeSize>
<ownDataTypeParameters>32,,</ownDataTypeParameters>
<autoIncrementCycle>false</autoIncrementCycle>
<notNullConstraintName>NNC_S_COLLATERAL_PROPERTY_VALUEv1_L_COLLATERAL_X_COLLATERAL_T_HK</notNullConstraintName>
</Column>
<Column name="RECORD_SOURCE" id="D58A4561-3667-758D-01C8-802287CEB400">
<createdBy>5585567</createdBy>
<createdTime>2022-09-15 12:13:12 UTC</createdTime>
<ownerDesignName>Risk_Data_Vault_SDP_Model_v3</ownerDesignName>
<nullsAllowed>true</nullsAllowed>
<useDomainConstraints>false</useDomainConstraints>
<use>1</use>
<logicalDatatype>LOGDT024</logicalDatatype>
<ownDataTypeParameters>,,</ownDataTypeParameters>
<autoIncrementCycle>false</autoIncrementCycle>
</Column>
<Column name="HASH_DIFF" id="966CBB02-A9BB-B0A3-7664-8D9679C8E2A4">
<createdBy>5585567</createdBy>
<createdTime>2022-09-22 10:54:15 UTC</createdTime>
<ownerDesignName>Risk_Data_Vault_SDP_Model_v3</ownerDesignName>
<nullsAllowed>true</nullsAllowed>
<useDomainConstraints>false</useDomainConstraints>
<use>1</use>
<logicalDatatype>LOGDT025</logicalDatatype>
<ownDataTypeParameters>,,</ownDataTypeParameters>
<autoIncrementCycle>false</autoIncrementCycle>
</Column>
<Column name="Indexation" id="BC65A274-38B9-E103-8F29-448DA23ADC6D">
<createdBy>5585567</createdBy>
<createdTime>2022-09-15 12:14:53 UTC</createdTime>
<ownerDesignName>Risk_Data_Vault_SDP_Model_v3</ownerDesignName>
<nullsAllowed>true</nullsAllowed>
<useDomainConstraints>false</useDomainConstraints>
<use>1</use>
<logicalDatatype>LOGDT006</logicalDatatype>
<ownDataTypeParameters>,,</ownDataTypeParameters>
<autoIncrementCycle>false</autoIncrementCycle>
</Column>
<Column name="Valuation_Currency" id="457CBCA9-C318-C037-2018-2E5E72DC5AE4">
<createdBy>5585567</createdBy>
<createdTime>2022-09-15 12:13:12 UTC</createdTime>
<ownerDesignName>Risk_Data_Vault_SDP_Model_v3</ownerDesignName>
<nullsAllowed>true</nullsAllowed>
<useDomainConstraints>false</useDomainConstraints>
<use>1</use>
<logicalDatatype>LOGDT024</logicalDatatype>
<ownDataTypeParameters>,,</ownDataTypeParameters>
<autoIncrementCycle>false</autoIncrementCycle>
</Column>
<Column name="Valuation_Date" id="79985CF7-1C2F-3B17-07AF-F08061085E28">
<createdBy>5585567</createdBy>
<createdTime>2022-09-15 12:13:12 UTC</createdTime>
<ownerDesignName>Risk_Data_Vault_SDP_Model_v3</ownerDesignName>
<nullsAllowed>true</nullsAllowed>
<useDomainConstraints>false</useDomainConstraints>
<use>1</use>
<logicalDatatype>LOGDT007</logicalDatatype>
<ownDataTypeParameters>,,</ownDataTypeParameters>
<autoIncrementCycle>false</autoIncrementCycle>
</Column>
<Column name="gross_value" id="242ED274-97E3-85B6-8D35-130CA551111F">
<createdBy>5585567</createdBy>
<createdTime>2022-09-15 12:13:12 UTC</createdTime>
<ownerDesignName>Risk_Data_Vault_SDP_Model_v3</ownerDesignName>
<nullsAllowed>true</nullsAllowed>
<useDomainConstraints>false</useDomainConstraints>
<use>1</use>
<logicalDatatype>LOGDT026</logicalDatatype>
<ownDataTypeParameters>,,</ownDataTypeParameters>
<autoIncrementCycle>false</autoIncrementCycle>
</Column>
<Column name="DiscountedValue" id="8F049E46-3A82-3697-0029-6C70C825049C">
<createdBy>5585567</createdBy>
<createdTime>2022-09-15 12:13:12 UTC</createdTime>
<ownerDesignName>Risk_Data_Vault_SDP_Model_v3</ownerDesignName>
<nullsAllowed>true</nullsAllowed>
<useDomainConstraints>false</useDomainConstraints>
<use>1</use>
<logicalDatatype>LOGDT026</logicalDatatype>
<ownDataTypeParameters>,,</ownDataTypeParameters>
<autoIncrementCycle>false</autoIncrementCycle>
</Column>
<Column name="CRUD_FLAG" id="EDF6958C-0175-009B-FC35-A1E1B11060B1">
<createdBy>8529981</createdBy>
<createdTime>2022-10-27 21:37:29 UTC</createdTime>
<ownerDesignName>Risk_Data_Vault_SDP_Model_v3</ownerDesignName>
<nullsAllowed>true</nullsAllowed>
<useDomainConstraints>false</useDomainConstraints>
<use>1</use>
<logicalDatatype>LOGDT024</logicalDatatype>
<ownDataTypeParameters>,,</ownDataTypeParameters>
<autoIncrementCycle>false</autoIncrementCycle>
</Column>
<Column name="EFF_FROM_DATE" id="B04B028F-C34D-4B16-EED8-BC65AB5C2FF7">
<createdBy>8529981</createdBy>
<createdTime>2022-10-27 21:38:44 UTC</createdTime>
<ownerDesignName>Risk_Data_Vault_SDP_Model_v3</ownerDesignName>
<nullsAllowed>true</nullsAllowed>
<useDomainConstraints>false</useDomainConstraints>
<use>1</use>
<logicalDatatype>LOGDT008</logicalDatatype>
<ownDataTypeParameters>,,</ownDataTypeParameters>
<autoIncrementCycle>false</autoIncrementCycle>
</Column>
<Column name="LOAD_DATE" id="1D8A1F56-6C11-7720-140C-0DC0DF06CC18">
<createdBy>5585567</createdBy>
<createdTime>2022-09-15 12:13:12 UTC</createdTime>
<ownerDesignName>Risk_Data_Vault_SDP_Model_v3</ownerDesignName>
<nullsAllowed>true</nullsAllowed>
<useDomainConstraints>false</useDomainConstraints>
<use>1</use>
<logicalDatatype>LOGDT008</logicalDatatype>
<ownDataTypeParameters>,,</ownDataTypeParameters>
<autoIncrementCycle>false</autoIncrementCycle>
</Column>
</columns>
<impliedForeignKeys itemClass="oracle.dbtools.crest.model.design.relational.ImpliedForeignKey">
<impliedForeignKey name="ImpliedForeignKey_1v9" id="232C5F45-F05C-B3C2-145D-ADE07C865431">
<createdBy>5585567</createdBy>
<createdTime>2022-09-15 14:08:33 UTC</createdTime>
<ownerDesignName>Risk_Data_Product_Models_v2</ownerDesignName>
<referredTableID>8C05B6FF-9A28-2B8B-1598-BF4D5E933399</referredTableID>
<referredTableLongName>H_COLLATERAL</referredTableLongName>
</impliedForeignKey>
</impliedForeignKeys>
</Table>