<?xml version = '1.0' encoding = 'UTF-8'?>
<Table class="oracle.dbtools.crest.model.design.relational.Table" directorySegmentName="seg_0" id="9FDB81D3-B140-A10C-4EF7-6925B9F4032D" name="S_COLLATERAL_CHARGE">
<createdBy>911953</createdBy>
<createdTime>2022-08-31 16:31:00 UTC</createdTime>
<ownerDesignName>Risk_Data_Vault_SDP_Model_v3</ownerDesignName>
<ordsAlias>table_27</ordsAlias>
<allowColumnReorder>false</allowColumnReorder>
<existDependencyGenerateInDDl>true</existDependencyGenerateInDDl>
<parsed>true</parsed>
<columns itemClass="oracle.dbtools.crest.model.design.relational.Column">
<Column name="H_CHARGE_TYPE_BK" id="9DF2258A-D697-DE9B-AA2F-C3A7964A3007">
<createdBy>911953</createdBy>
<createdTime>2022-08-31 16:52:58 UTC</createdTime>
<ownerDesignName>Risk_Data_Vault_SDP_Model_v3</ownerDesignName>
<nullsAllowed>true</nullsAllowed>
<useDomainConstraints>false</useDomainConstraints>
<use>1</use>
<logicalDatatype>LOGDT024</logicalDatatype>
<dataTypeSize>32</dataTypeSize>
<ownDataTypeParameters>32,,</ownDataTypeParameters>
<autoIncrementCycle>false</autoIncrementCycle>
</Column>
<Column name="RECORD_SOURCE" id="D8A10201-90A1-28E8-FDE3-F4AEFD78D573">
<createdBy>911953</createdBy>
<createdTime>2022-08-31 16:31:00 UTC</createdTime>
<ownerDesignName>Risk_Data_Vault_SDP_Model_v3</ownerDesignName>
<nullsAllowed>true</nullsAllowed>
<useDomainConstraints>false</useDomainConstraints>
<use>1</use>
<logicalDatatype>LOGDT024</logicalDatatype>
<ownDataTypeParameters>,,</ownDataTypeParameters>
<autoIncrementCycle>false</autoIncrementCycle>
</Column>
<Column name="HASH_DIFF" id="465146E2-0499-7A01-8F02-0F9495BB7932">
<createdBy>5585567</createdBy>
<createdTime>2022-09-22 10:55:25 UTC</createdTime>
<ownerDesignName>Risk_Data_Vault_SDP_Model_v3</ownerDesignName>
<nullsAllowed>true</nullsAllowed>
<useDomainConstraints>false</useDomainConstraints>
<use>1</use>
<logicalDatatype>LOGDT025</logicalDatatype>
<ownDataTypeParameters>,,</ownDataTypeParameters>
<autoIncrementCycle>false</autoIncrementCycle>
</Column>
<Column name="ChargeHolderID" id="0ED3538A-91A5-87C9-39B9-E3A32C8E5AEE">
<createdBy>8529981</createdBy>
<createdTime>2022-12-08 09:13:03 UTC</createdTime>
<ownerDesignName>Risk_Data_Vault_SDP_Model_v3</ownerDesignName>
<nullsAllowed>true</nullsAllowed>
<useDomainConstraints>false</useDomainConstraints>
<use>1</use>
<logicalDatatype>LOGDT019</logicalDatatype>
<ownDataTypeParameters>,,</ownDataTypeParameters>
<autoIncrementCycle>false</autoIncrementCycle>
</Column>
<Column name="ChargeOrderID" id="709E727F-5224-3EAE-D2D4-6587B3799C23">
<createdBy>8529981</createdBy>
<createdTime>2022-11-15 16:34:43 UTC</createdTime>
<ownerDesignName>Risk_Data_Vault_SDP_Model_v3</ownerDesignName>
<nullsAllowed>true</nullsAllowed>
<useDomainConstraints>false</useDomainConstraints>
<use>1</use>
<logicalDatatype>LOGDT019</logicalDatatype>
<ownDataTypeParameters>,,</ownDataTypeParameters>
<autoIncrementCycle>false</autoIncrementCycle>
</Column>
<Column name="ChargeTypeID" id="936A19FF-E2AB-8F62-84DC-CB6E00B2AEA2">
<createdBy>911953</createdBy>
<createdTime>2022-08-31 16:53:37 UTC</createdTime>
<ownerDesignName>Risk_Data_Vault_SDP_Model_v3</ownerDesignName>
<nullsAllowed>true</nullsAllowed>
<useDomainConstraints>false</useDomainConstraints>
<use>1</use>
<logicalDatatype>LOGDT019</logicalDatatype>
<ownDataTypeParameters>,,</ownDataTypeParameters>
<autoIncrementCycle>false</autoIncrementCycle>
</Column>
<Column name="ChargeValue" id="79B8B9EC-F846-22BE-FF58-2709A18EF2B6">
<createdBy>911953</createdBy>
<createdTime>2022-08-31 16:31:00 UTC</createdTime>
<ownerDesignName>Risk_Data_Vault_SDP_Model_v3</ownerDesignName>
<nullsAllowed>true</nullsAllowed>
<useDomainConstraints>false</useDomainConstraints>
<use>1</use>
<logicalDatatype>LOGDT026</logicalDatatype>
<ownDataTypeParameters>,,</ownDataTypeParameters>
<autoIncrementCycle>false</autoIncrementCycle>
</Column>
<Column name="CRUD_FLAG" id="4595C04D-A91D-D643-B078-B7502A54CD3A">
<createdBy>8529981</createdBy>
<createdTime>2022-10-27 21:39:27 UTC</createdTime>
<ownerDesignName>Risk_Data_Vault_SDP_Model_v3</ownerDesignName>
<nullsAllowed>true</nullsAllowed>
<useDomainConstraints>false</useDomainConstraints>
<use>1</use>
<logicalDatatype>LOGDT024</logicalDatatype>
<ownDataTypeParameters>,,</ownDataTypeParameters>
<autoIncrementCycle>false</autoIncrementCycle>
</Column>
<Column name="EFF_FROM_DATE" id="961A3736-C832-5385-A948-EACA0523DC76">
<createdBy>8529981</createdBy>
<createdTime>2022-10-27 21:39:27 UTC</createdTime>
<ownerDesignName>Risk_Data_Vault_SDP_Model_v3</ownerDesignName>
<nullsAllowed>true</nullsAllowed>
<useDomainConstraints>false</useDomainConstraints>
<use>1</use>
<logicalDatatype>LOGDT008</logicalDatatype>
<ownDataTypeParameters>,,</ownDataTypeParameters>
<autoIncrementCycle>false</autoIncrementCycle>
</Column>
<Column name="LOAD_DATE" id="F04B59F1-5B14-343A-8554-D6C3F0D21E67">
<createdBy>911953</createdBy>
<createdTime>2022-08-31 16:31:00 UTC</createdTime>
<ownerDesignName>Risk_Data_Vault_SDP_Model_v3</ownerDesignName>
<nullsAllowed>true</nullsAllowed>
<useDomainConstraints>false</useDomainConstraints>
<use>1</use>
<logicalDatatype>LOGDT008</logicalDatatype>
<ownDataTypeParameters>,,</ownDataTypeParameters>
<autoIncrementCycle>false</autoIncrementCycle>
</Column>
</columns>
<impliedForeignKeys itemClass="oracle.dbtools.crest.model.design.relational.ImpliedForeignKey">
<impliedForeignKey name="ImpliedForeignKey_1v15" id="2C5CA387-139C-BC3E-C1F4-0DF4C78A06AA">
<createdBy>5585567</createdBy>
<createdTime>2022-09-15 14:42:35 UTC</createdTime>
<ownerDesignName>Risk_Data_Product_Models_v2</ownerDesignName>
<referredTableID>4DCCAF0D-C8E8-392F-6074-426A220DFDC6</referredTableID>
<referredTableLongName>H_COLL_CHARGE</referredTableLongName>
</impliedForeignKey>
</impliedForeignKeys>
</Table>