<?xml version = '1.0' encoding = 'UTF-8'?>
<Table class="oracle.dbtools.crest.model.design.relational.Table" directorySegmentName="seg_0" id="E82C2272-588A-2838-0712-E85D3327128F" name="L_COLLATERAL_X_CORE">
<createdBy>5585567</createdBy>
<createdTime>2022-09-13 13:59:00 UTC</createdTime>
<ownerDesignName>Risk_Data_Vault_SDP_Model_v3</ownerDesignName>
<ordsAlias>table_13</ordsAlias>
<allowColumnReorder>false</allowColumnReorder>
<existDependencyGenerateInDDl>true</existDependencyGenerateInDDl>
<parsed>true</parsed>
<columns itemClass="oracle.dbtools.crest.model.design.relational.Column">
<Column name="L_COLLATERAL_X_CORE_HK" id="9797284C-B48D-290E-7218-617A5F29890A">
<createdBy>5585567</createdBy>
<createdTime>2022-09-13 13:59:00 UTC</createdTime>
<ownerDesignName>Risk_Data_Vault_SDP_Model_v3</ownerDesignName>
<nullsAllowed>true</nullsAllowed>
<useDomainConstraints>false</useDomainConstraints>
<use>1</use>
<logicalDatatype>LOGDT025</logicalDatatype>
<ownDataTypeParameters>,,</ownDataTypeParameters>
<autoIncrementCycle>false</autoIncrementCycle>
<notNullConstraintName>NNC_LH_COL_X_PROVIDING_CUSTv1_L_COL_PROVIDING_CUST_KEY</notNullConstraintName>
</Column>
<Column name="LOAD_DATE" id="E4B96C3C-8E04-B687-FEAA-703575E97819">
<createdBy>5585567</createdBy>
<createdTime>2022-09-13 13:59:00 UTC</createdTime>
<ownerDesignName>Risk_Data_Vault_SDP_Model_v3</ownerDesignName>
<nullsAllowed>true</nullsAllowed>
<useDomainConstraints>false</useDomainConstraints>
<use>1</use>
<logicalDatatype>LOGDT008</logicalDatatype>
<ownDataTypeParameters>,,</ownDataTypeParameters>
<autoIncrementCycle>false</autoIncrementCycle>
</Column>
<Column name="RECORD_SOURCE" id="298A345E-293B-6CA9-B84C-8929B28B3388">
<createdBy>5585567</createdBy>
<createdTime>2022-09-13 13:59:00 UTC</createdTime>
<ownerDesignName>Risk_Data_Vault_SDP_Model_v3</ownerDesignName>
<nullsAllowed>true</nullsAllowed>
<useDomainConstraints>false</useDomainConstraints>
<use>1</use>
<logicalDatatype>LOGDT024</logicalDatatype>
<dataTypeSize>30</dataTypeSize>
<ownDataTypeParameters>30,,</ownDataTypeParameters>
<autoIncrementCycle>false</autoIncrementCycle>
</Column>
<Column name="H_COLLATERAL_BK" id="66BC78D5-F5FA-DDF4-5E5A-FC339EC8761E">
<createdBy>5585567</createdBy>
<createdTime>2022-09-15 12:40:08 UTC</createdTime>
<ownerDesignName>Risk_Data_Vault_SDP_Model_v3</ownerDesignName>
<nullsAllowed>true</nullsAllowed>
<useDomainConstraints>false</useDomainConstraints>
<use>1</use>
<logicalDatatype>LOGDT024</logicalDatatype>
<ownDataTypeParameters>,,</ownDataTypeParameters>
<autoIncrementCycle>false</autoIncrementCycle>
</Column>
<Column name="COLL_CHARGE_BK" id="A0F9F823-4393-830C-501F-7D061C4C16AD">
<createdBy>5585567</createdBy>
<createdTime>2022-09-21 10:34:00 UTC</createdTime>
<ownerDesignName>Risk_Data_Vault_SDP_Model_v3</ownerDesignName>
<nullsAllowed>true</nullsAllowed>
<useDomainConstraints>false</useDomainConstraints>
<use>1</use>
<logicalDatatype>LOGDT024</logicalDatatype>
<ownDataTypeParameters>,,</ownDataTypeParameters>
<autoIncrementCycle>false</autoIncrementCycle>
</Column>
<Column name="COLL_CHARGE_HOLDER_BK" id="8E22CDB6-16FE-023A-58C1-B6C9C0937BC6">
<createdBy>5585567</createdBy>
<createdTime>2022-09-21 10:34:39 UTC</createdTime>
<ownerDesignName>Risk_Data_Vault_SDP_Model_v3</ownerDesignName>
<nullsAllowed>true</nullsAllowed>
<useDomainConstraints>false</useDomainConstraints>
<use>1</use>
<logicalDatatype>LOGDT024</logicalDatatype>
<ownDataTypeParameters>,,</ownDataTypeParameters>
<autoIncrementCycle>false</autoIncrementCycle>
</Column>
</columns>
<impliedForeignKeys itemClass="oracle.dbtools.crest.model.design.relational.ImpliedForeignKey">
<impliedForeignKey name="ImpliedForeignKey_1v1" id="364B5CC3-44F8-0BD4-4B82-1C95B81BA2AC">
<createdBy>5585567</createdBy>
<createdTime>2022-09-13 13:59:41 UTC</createdTime>
<ownerDesignName>Risk_Data_Product_Models_v2</ownerDesignName>
<referredTableID>8C05B6FF-9A28-2B8B-1598-BF4D5E933399</referredTableID>
<referredTableLongName>H_COLLATERAL</referredTableLongName>
</impliedForeignKey>
<impliedForeignKey name="ImpliedForeignKey_1v6" id="82BCD6AD-BDBB-AB28-312C-07C8553F80C5">
<createdBy>5585567</createdBy>
<createdTime>2022-09-15 14:06:41 UTC</createdTime>
<ownerDesignName>Risk_Data_Product_Models_v2</ownerDesignName>
<referredTableID>2EBAC43B-7F1F-8D5B-21C0-61DECC794FCE</referredTableID>
<referredTableLongName>SDP_CSOR</referredTableLongName>
</impliedForeignKey>
<impliedForeignKey name="ImpliedForeignKey_1v7" id="52068D64-07C8-3AF8-C46B-0FC728AE4C32">
<createdBy>5585567</createdBy>
<createdTime>2022-09-15 14:07:02 UTC</createdTime>
<ownerDesignName>Risk_Data_Product_Models_v2</ownerDesignName>
<referredTableID>2EBAC43B-7F1F-8D5B-21C0-61DECC794FCE</referredTableID>
<referredTableLongName>SDP_CSOR</referredTableLongName>
</impliedForeignKey>
<impliedForeignKey name="ImpliedForeignKey_1" id="26EE63BB-AF80-589C-7418-66FF2DB638FF">
<createdBy>5585567</createdBy>
<createdTime>2022-09-21 10:35:47 UTC</createdTime>
<ownerDesignName>Risk_Data_Product_Models_v2</ownerDesignName>
<referredTableID>2EBAC43B-7F1F-8D5B-21C0-61DECC794FCE</referredTableID>
<referredTableLongName>SDP_CSOR</referredTableLongName>
</impliedForeignKey>
<impliedForeignKey name="ImpliedForeignKey_1v3" id="15F84BF9-78AD-84DC-9520-BFEEE4D11DAE">
<createdBy>5585567</createdBy>
<createdTime>2022-09-21 10:35:53 UTC</createdTime>
<ownerDesignName>Risk_Data_Product_Models_v2</ownerDesignName>
<referredTableID>2EBAC43B-7F1F-8D5B-21C0-61DECC794FCE</referredTableID>
<referredTableLongName>SDP_CSOR</referredTableLongName>
</impliedForeignKey>
<impliedForeignKey name="ImpliedForeignKey_1v16" id="F7C14E16-66F3-931C-9B6C-0E2B5C2C6C7C">
<createdBy>5585567</createdBy>
<createdTime>2022-09-21 12:25:31 UTC</createdTime>
<ownerDesignName>Risk_Data_Product_Models_v2</ownerDesignName>
<referredTableID>4DCCAF0D-C8E8-392F-6074-426A220DFDC6</referredTableID>
<referredTableLongName>H_COLL_CHARGE</referredTableLongName>
</impliedForeignKey>
<impliedForeignKey name="ImpliedForeignKey_7" id="AF144519-82C5-58B6-98E7-01CE6E39FCA7">
<createdBy>8529981</createdBy>
<createdTime>2022-10-27 21:27:01 UTC</createdTime>
<ownerDesignName>Risk_Data_Vault_SDP_Model_v3</ownerDesignName>
<referredTableID>11317137-128B-38FB-1445-FD0DE9E6F4E8</referredTableID>
<referredColumnID>D8AD9A77-2F81-FCC7-BE20-9D6A9C9C0F70</referredColumnID>
<referredTableLongName>H_COLL_CHARGE_HOLDER</referredTableLongName>
<referredColumnName>H_CHARGE_HOLDER_BK</referredColumnName>
</impliedForeignKey>
</impliedForeignKeys>
</Table>
