<?xml version = '1.0' encoding = 'UTF-8'?>
<Table class="oracle.dbtools.crest.model.design.relational.Table" directorySegmentName="seg_0" id="F3D04BCD-AFC7-73CC-7014-0326001A6C90" name="S_COLLATERAL_CASH_DEPOSITS">
<createdBy>8529655</createdBy>
<createdTime>2022-12-08 11:05:29 UTC</createdTime>
<ownerDesignName>Risk_Data_Vault_SDP_Model_v3</ownerDesignName>
<ordsAlias>table_27</ordsAlias>
<allowColumnReorder>false</allowColumnReorder>
<existDependencyGenerateInDDl>true</existDependencyGenerateInDDl>
<parsed>true</parsed>
<columns itemClass="oracle.dbtools.crest.model.design.relational.Column">
<Column name="H_COLLATERAL_BK" id="2605D17C-D333-DD20-F5AB-048B3FE9100C">
<createdBy>8529655</createdBy>
<createdTime>2022-12-08 11:05:29 UTC</createdTime>
<ownerDesignName>Risk_Data_Vault_SDP_Model_v3</ownerDesignName>
<nullsAllowed>true</nullsAllowed>
<useDomainConstraints>false</useDomainConstraints>
<use>1</use>
<logicalDatatype>LOGDT024</logicalDatatype>
<dataTypeSize>32</dataTypeSize>
<ownDataTypeParameters>32,,</ownDataTypeParameters>
<autoIncrementCycle>false</autoIncrementCycle>
<notNullConstraintName>NNC_S_COLLATERAL_PROPERTYv1_L_COLLATERAL_X_COLLATERAL_T_HK</notNullConstraintName>
</Column>
<Column name="RECORD_SOURCE" id="15663B89-94AA-055F-F51E-6A0768C4BC2D">
<createdBy>8529655</createdBy>
<createdTime>2022-12-08 11:05:29 UTC</createdTime>
<ownerDesignName>Risk_Data_Vault_SDP_Model_v3</ownerDesignName>
<nullsAllowed>true</nullsAllowed>
<useDomainConstraints>false</useDomainConstraints>
<use>1</use>
<logicalDatatype>LOGDT024</logicalDatatype>
<ownDataTypeParameters>,,</ownDataTypeParameters>
<autoIncrementCycle>false</autoIncrementCycle>
</Column>
<Column name="HASH_DIFF" id="9DFD1E6D-FC8A-5281-D5D8-8F6EDA4BAB5C">
<createdBy>8529655</createdBy>
<createdTime>2022-12-08 11:05:29 UTC</createdTime>
<ownerDesignName>Risk_Data_Vault_SDP_Model_v3</ownerDesignName>
<nullsAllowed>true</nullsAllowed>
<useDomainConstraints>false</useDomainConstraints>
<use>1</use>
<logicalDatatype>LOGDT025</logicalDatatype>
<ownDataTypeParameters>,,</ownDataTypeParameters>
<autoIncrementCycle>false</autoIncrementCycle>
</Column>
<Column name="Account_Number" id="C99039F0-3EDA-A598-DDFE-B449743EF018">
<createdBy>8529655</createdBy>
<createdTime>2022-12-08 11:08:49 UTC</createdTime>
<ownerDesignName>Risk_Data_Vault_SDP_Model_v3</ownerDesignName>
<nullsAllowed>true</nullsAllowed>
<useDomainConstraints>false</useDomainConstraints>
<use>1</use>
<logicalDatatype>LOGDT024</logicalDatatype>
<ownDataTypeParameters>,,</ownDataTypeParameters>
<autoIncrementCycle>false</autoIncrementCycle>
</Column>
<Column name="Sort_Code" id="DDE4769E-B320-1B9D-7547-359D3A75FDAD">
<createdBy>8529655</createdBy>
<createdTime>2022-12-08 11:09:37 UTC</createdTime>
<ownerDesignName>Risk_Data_Vault_SDP_Model_v3</ownerDesignName>
<nullsAllowed>true</nullsAllowed>
<useDomainConstraints>false</useDomainConstraints>
<use>1</use>
<logicalDatatype>LOGDT024</logicalDatatype>
<ownDataTypeParameters>,,</ownDataTypeParameters>
<autoIncrementCycle>false</autoIncrementCycle>
</Column>
<Column name="Account_Title" id="23A1BCC8-3ABA-69C8-E716-6FAEFEE870DC">
<createdBy>8529655</createdBy>
<createdTime>2022-12-08 11:09:37 UTC</createdTime>
<ownerDesignName>Risk_Data_Vault_SDP_Model_v3</ownerDesignName>
<nullsAllowed>true</nullsAllowed>
<useDomainConstraints>false</useDomainConstraints>
<use>1</use>
<logicalDatatype>LOGDT024</logicalDatatype>
<ownDataTypeParameters>,,</ownDataTypeParameters>
<autoIncrementCycle>false</autoIncrementCycle>
</Column>
<Column name="CRUD_FLAG" id="78FDD11A-D0F7-8B0F-BC20-BE2AE10152CB">
<createdBy>8529655</createdBy>
<createdTime>2022-12-08 11:05:29 UTC</createdTime>
<ownerDesignName>Risk_Data_Vault_SDP_Model_v3</ownerDesignName>
<nullsAllowed>true</nullsAllowed>
<useDomainConstraints>false</useDomainConstraints>
<use>1</use>
<logicalDatatype>LOGDT024</logicalDatatype>
<ownDataTypeParameters>,,</ownDataTypeParameters>
<autoIncrementCycle>false</autoIncrementCycle>
</Column>
<Column name="EFF_FROM_DATE" id="29AF7FEB-9EE4-05A2-36CA-4FC89BED9817">
<createdBy>8529655</createdBy>
<createdTime>2022-12-08 11:05:29 UTC</createdTime>
<ownerDesignName>Risk_Data_Vault_SDP_Model_v3</ownerDesignName>
<nullsAllowed>true</nullsAllowed>
<useDomainConstraints>false</useDomainConstraints>
<use>1</use>
<logicalDatatype>LOGDT008</logicalDatatype>
<ownDataTypeParameters>,,</ownDataTypeParameters>
<autoIncrementCycle>false</autoIncrementCycle>
</Column>
<Column name="LOAD_DATE" id="986CE20A-CFB9-96BB-1DC5-7BCDD5B97DA8">
<createdBy>8529655</createdBy>
<createdTime>2022-12-08 11:05:29 UTC</createdTime>
<ownerDesignName>Risk_Data_Vault_SDP_Model_v3</ownerDesignName>
<nullsAllowed>true</nullsAllowed>
<useDomainConstraints>false</useDomainConstraints>
<use>1</use>
<logicalDatatype>LOGDT008</logicalDatatype>
<ownDataTypeParameters>,,</ownDataTypeParameters>
<autoIncrementCycle>false</autoIncrementCycle>
</Column>
</columns>
<impliedForeignKeys itemClass="oracle.dbtools.crest.model.design.relational.ImpliedForeignKey">
<impliedForeignKey name="ImpliedForeignKey_1v8" id="F03428AE-8DBD-A947-2188-43F6A18E3CC1">
<createdBy>8529655</createdBy>
<createdTime>2022-12-08 11:10:51 UTC</createdTime>
<ownerDesignName>Risk_Data_Vault_SDP_Model_v3</ownerDesignName>
<referredTableID>8C05B6FF-9A28-2B8B-1598-BF4D5E933399</referredTableID>
<referredColumnID>06588186-270B-1FA9-73FD-0B153E51AFEC</referredColumnID>
<referredTableLongName>H_COLLATERAL</referredTableLongName>
<referredColumnName>H_COLLATERAL_BK</referredColumnName>
</impliedForeignKey>
</impliedForeignKeys>
</Table>