INSERT [dbo].[SecurityGeneral] ([OID], [Datecreated], [Version], [LegalEntityOID], [LiveRecOID], [LegalEntityName], [OwnerName], [SecurityTypeOID], [SIFAssetType], [SecurityAvailabilityOID], [CurrencyOID], [LegalJurisdictionOID], [SecurityEndDateOID], [SpecificEndDate], [SecurityStatusOID], [GrantorName], [SecurityMadeAvailableDate], [PartialDischarge], [GrantorSignedDate], [RegistrationDate], [Syndicated], [SecurityAgentsOrTrustee], [AgentTrustee], [OtherSecurityAgentTrustee], [OtherSecurityAgentTrusteeId], [SecurityBasisOfAllocationOID], [SecurityAllocatedSpecificValue], [SecurityAllocatedPercentageValue], [ParticipantBanks], [ForeignLegalOpinionObtained], [InsolvencyAgentID], [InsolvencyAgentName], [ForcedSaleValue], [DateOfValuation], [ValuedById], [ValuedByName], [ReasonValueDifferent], [ExpectedClearanceDate], [GrossValueRecovered], [NetValueRecovered], [LBGShareRecovered], [DateCollateralValueRecovered], [IsAssetInsured], [DoesSecMeetCreditRiskMitiPolicy], [AssetRefNo], [MigratedRec], [CreatedBy], [UploadedRec], [DownloadFlg], [DraftSecurityStatusTypeOID], [SecurityStatusChangedDate], [IPAppointedDate], [PulledFromNexus], [IsSIFAsset], [LastUpdatedBy], [SecurityCoversOID], [SpecificSum], [BackBookChecked], [GrossValue], [SecurityDescription], [DraftCreatedBy], [LiveSecurityStatusTypeOID], [BankingLicenceOID], [CountryLimitationExists], [IsCrossCollateralisedOtherBank], [MCOBRegulated], [IsGroupCollateral], [OriginatingSystemOID], [LBGSecurityValue], [DataAttested], [AttestedBy], [AttestedDate]) VALUES (113241, CAST(N'2010-06-26T09:14:15.447' AS DateTime), CAST(N'2014-03-24T11:47:12.810' AS DateTime), 39845, NULL, N'Axiom Business Computers Limited', N'DAVID POLLOCK', 8, NULL, 1, 28, 1, 1, NULL, 5, N'<items><item  name="George Blair" value="2000548712"/></items>', CAST(N'2007-07-25T00:00:00.000' AS DateTime), NULL, CAST(N'2007-07-25T00:00:00.000' AS DateTime), NULL, 0, 3, NULL, NULL, NULL, NULL, NULL, NULL, NULL, 1, NULL, NULL, NULL, NULL, NULL, NULL, NULL, NULL, NULL, NULL, NULL, NULL, NULL, 1, NULL, NULL, NULL, NULL, NULL, NULL, CAST(N'2014-03-24T11:47:12.810' AS DateTime), NULL, 1, NULL, N'RTDOM\905893', 2, CAST(190.0000000000 AS Decimal(38, 10)), 1, CAST(75.0000000000 AS Decimal(38, 10)), N'Personal', NULL, NULL, 1, NULL, 0, NULL, 0, 3, CAST(190.0000000000 AS Decimal(38, 10)), 0, NULL, NULL)

INSERT [dbo].[SecurityGeneral] ([OID], [Datecreated], [Version], [LegalEntityOID], [LiveRecOID], [LegalEntityName], [OwnerName], [SecurityTypeOID], [SIFAssetType], [SecurityAvailabilityOID], [CurrencyOID], [LegalJurisdictionOID], [SecurityEndDateOID], [SpecificEndDate], [SecurityStatusOID], [GrantorName], [SecurityMadeAvailableDate], [PartialDischarge], [GrantorSignedDate], [RegistrationDate], [Syndicated], [SecurityAgentsOrTrustee], [AgentTrustee], [OtherSecurityAgentTrustee], [OtherSecurityAgentTrusteeId], [SecurityBasisOfAllocationOID], [SecurityAllocatedSpecificValue], [SecurityAllocatedPercentageValue], [ParticipantBanks], [ForeignLegalOpinionObtained], [InsolvencyAgentID], [InsolvencyAgentName], [ForcedSaleValue], [DateOfValuation], [ValuedById], [ValuedByName], [ReasonValueDifferent], [ExpectedClearanceDate], [GrossValueRecovered], [NetValueRecovered], [LBGShareRecovered], [DateCollateralValueRecovered], [IsAssetInsured], [DoesSecMeetCreditRiskMitiPolicy], [AssetRefNo], [MigratedRec], [CreatedBy], [UploadedRec], [DownloadFlg], [DraftSecurityStatusTypeOID], [SecurityStatusChangedDate], [IPAppointedDate], [PulledFromNexus], [IsSIFAsset], [LastUpdatedBy], [SecurityCoversOID], [SpecificSum], [BackBookChecked], [GrossValue], [SecurityDescription], [DraftCreatedBy], [LiveSecurityStatusTypeOID], [BankingLicenceOID], [CountryLimitationExists], [IsCrossCollateralisedOtherBank], [MCOBRegulated], [IsGroupCollateral], [OriginatingSystemOID], [LBGSecurityValue], [DataAttested], [AttestedBy], [AttestedDate]) VALUES (148719, CAST(N'2010-07-08T16:28:44.300' AS DateTime), CAST(N'2010-08-02T09:20:02.870' AS DateTime), 2001050658, NULL, NULL, NULL, 8, NULL, 2, 28, 1, 1, NULL, 5, N'<items><item  name="Eleanor Joy Black" value="2001050660"/></items>', CAST(N'2010-06-03T00:00:00.000' AS DateTime), NULL, CAST(N'2010-05-29T00:00:00.000' AS DateTime), CAST(N'2010-05-29T00:00:00.000' AS DateTime), 0, 3, NULL, NULL, NULL, NULL, NULL, NULL, NULL, 1, NULL, NULL, NULL, NULL, NULL, NULL, NULL, NULL, NULL, NULL, NULL, NULL, NULL, 1, NULL, NULL, NULL, NULL, NULL, NULL, CAST(N'2010-08-02T09:20:02.870' AS DateTime), NULL, NULL, NULL, N'RTDOM\356109', 2, CAST(30.0000000000 AS Decimal(38, 10)), 0, CAST(30.0000000000 AS Decimal(38, 10)), N'Personal With Supporting Collateral Id : 148718', NULL, NULL, 1, NULL, NULL, NULL, 0, 1, CAST(30.0000000000 AS Decimal(38, 10)), 0, NULL, NULL)

INSERT [dbo].[SecurityGeneral] ([OID], [Datecreated], [Version], [LegalEntityOID], [LiveRecOID], [LegalEntityName], [OwnerName], [SecurityTypeOID], [SIFAssetType], [SecurityAvailabilityOID], [CurrencyOID], [LegalJurisdictionOID], [SecurityEndDateOID], [SpecificEndDate], [SecurityStatusOID], [GrantorName], [SecurityMadeAvailableDate], [PartialDischarge], [GrantorSignedDate], [RegistrationDate], [Syndicated], [SecurityAgentsOrTrustee], [AgentTrustee], [OtherSecurityAgentTrustee], [OtherSecurityAgentTrusteeId], [SecurityBasisOfAllocationOID], [SecurityAllocatedSpecificValue], [SecurityAllocatedPercentageValue], [ParticipantBanks], [ForeignLegalOpinionObtained], [InsolvencyAgentID], [InsolvencyAgentName], [ForcedSaleValue], [DateOfValuation], [ValuedById], [ValuedByName], [ReasonValueDifferent], [ExpectedClearanceDate], [GrossValueRecovered], [NetValueRecovered], [LBGShareRecovered], [DateCollateralValueRecovered], [IsAssetInsured], [DoesSecMeetCreditRiskMitiPolicy], [AssetRefNo], [MigratedRec], [CreatedBy], [UploadedRec], [DownloadFlg], [DraftSecurityStatusTypeOID], [SecurityStatusChangedDate], [IPAppointedDate], [PulledFromNexus], [IsSIFAsset], [LastUpdatedBy], [SecurityCoversOID], [SpecificSum], [BackBookChecked], [GrossValue], [SecurityDescription], [DraftCreatedBy], [LiveSecurityStatusTypeOID], [BankingLicenceOID], [CountryLimitationExists], [IsCrossCollateralisedOtherBank], [MCOBRegulated], [IsGroupCollateral], [OriginatingSystemOID], [LBGSecurityValue], [DataAttested], [AttestedBy], [AttestedDate]) VALUES (473235, CAST(N'2018-10-24T12:40:54.610' AS DateTime), CAST(N'2019-01-03T12:33:18.830' AS DateTime), 2001495500, NULL, N'Halso UK Fuels Limited', NULL, 8, NULL, 1, 28, 2, 1, NULL, 5, N'<items><item  name="Mr Paul Andrew Osborn" value="2002621621"/><item  name="Emma Louise Osborn" value="2002890775"/></items>', CAST(N'2018-12-18T00:00:00.000' AS DateTime), NULL, CAST(N'2018-10-29T00:00:00.000' AS DateTime), NULL, 0, 3, NULL, NULL, NULL, NULL, NULL, NULL, NULL, 1, NULL, NULL, NULL, NULL, NULL, NULL, NULL, NULL, NULL, NULL, NULL, NULL, NULL, 1, NULL, NULL, NULL, NULL, NULL, NULL, CAST(N'2018-12-18T15:52:53.123' AS DateTime), NULL, NULL, NULL, N'GLOBAL\907455', 2, CAST(745.0000000000 AS Decimal(38, 10)), 0, CAST(700.0000000000 AS Decimal(38, 10)), N'Personal With Supporting Collateral Id : 475210, 475232', NULL, NULL, 2, NULL, 0, NULL, 0, 1, CAST(745.0000000000 AS Decimal(38, 10)), 0, NULL, NULL)

INSERT [dbo].[SecurityGeneral] ([OID], [Datecreated], [Version], [LegalEntityOID], [LiveRecOID], [LegalEntityName], [OwnerName], [SecurityTypeOID], [SIFAssetType], [SecurityAvailabilityOID], [CurrencyOID], [LegalJurisdictionOID], [SecurityEndDateOID], [SpecificEndDate], [SecurityStatusOID], [GrantorName], [SecurityMadeAvailableDate], [PartialDischarge], [GrantorSignedDate], [RegistrationDate], [Syndicated], [SecurityAgentsOrTrustee], [AgentTrustee], [OtherSecurityAgentTrustee], [OtherSecurityAgentTrusteeId], [SecurityBasisOfAllocationOID], [SecurityAllocatedSpecificValue], [SecurityAllocatedPercentageValue], [ParticipantBanks], [ForeignLegalOpinionObtained], [InsolvencyAgentID], [InsolvencyAgentName], [ForcedSaleValue], [DateOfValuation], [ValuedById], [ValuedByName], [ReasonValueDifferent], [ExpectedClearanceDate], [GrossValueRecovered], [NetValueRecovered], [LBGShareRecovered], [DateCollateralValueRecovered], [IsAssetInsured], [DoesSecMeetCreditRiskMitiPolicy], [AssetRefNo], [MigratedRec], [CreatedBy], [UploadedRec], [DownloadFlg], [DraftSecurityStatusTypeOID], [SecurityStatusChangedDate], [IPAppointedDate], [PulledFromNexus], [IsSIFAsset], [LastUpdatedBy], [SecurityCoversOID], [SpecificSum], [BackBookChecked], [GrossValue], [SecurityDescription], [DraftCreatedBy], [LiveSecurityStatusTypeOID], [BankingLicenceOID], [CountryLimitationExists], [IsCrossCollateralisedOtherBank], [MCOBRegulated], [IsGroupCollateral], [OriginatingSystemOID], [LBGSecurityValue], [DataAttested], [AttestedBy], [AttestedDate]) VALUES (161511, CAST(N'2010-08-14T08:58:26.090' AS DateTime), CAST(N'2012-04-04T16:34:11.117' AS DateTime), 2000471220, NULL, NULL, N'Craig McCallum', 8, NULL, 1, 28, 2, 1, NULL, 9, N'<items><item  name="Richard McDonald" value="2000471923"/><item  name="Susan McDonald" value="2000471924"/></items>', CAST(N'2004-03-08T00:00:00.000' AS DateTime), NULL, CAST(N'2004-03-08T00:00:00.000' AS DateTime), NULL, 0, 3, NULL, NULL, NULL, NULL, NULL, NULL, NULL, 1, NULL, NULL, NULL, NULL, NULL, NULL, NULL, NULL, NULL, NULL, NULL, NULL, NULL, 1, NULL, NULL, NULL, NULL, NULL, NULL, CAST(N'2012-04-04T16:34:11.117' AS DateTime), NULL, 1, NULL, N'RTDOM\83329', 2, CAST(50.0000000000 AS Decimal(38, 10)), 1, CAST(0.0000000000 AS Decimal(38, 10)), N'Personal', NULL, NULL, 1, NULL, NULL, NULL, 0, 3, CAST(50.0000000000 AS Decimal(38, 10)), 0, NULL, NULL)

INSERT [dbo].[SecurityGeneral] ([OID], [Datecreated], [Version], [LegalEntityOID], [LiveRecOID], [LegalEntityName], [OwnerName], [SecurityTypeOID], [SIFAssetType], [SecurityAvailabilityOID], [CurrencyOID], [LegalJurisdictionOID], [SecurityEndDateOID], [SpecificEndDate], [SecurityStatusOID], [GrantorName], [SecurityMadeAvailableDate], [PartialDischarge], [GrantorSignedDate], [RegistrationDate], [Syndicated], [SecurityAgentsOrTrustee], [AgentTrustee], [OtherSecurityAgentTrustee], [OtherSecurityAgentTrusteeId], [SecurityBasisOfAllocationOID], [SecurityAllocatedSpecificValue], [SecurityAllocatedPercentageValue], [ParticipantBanks], [ForeignLegalOpinionObtained], [InsolvencyAgentID], [InsolvencyAgentName], [ForcedSaleValue], [DateOfValuation], [ValuedById], [ValuedByName], [ReasonValueDifferent], [ExpectedClearanceDate], [GrossValueRecovered], [NetValueRecovered], [LBGShareRecovered], [DateCollateralValueRecovered], [IsAssetInsured], [DoesSecMeetCreditRiskMitiPolicy], [AssetRefNo], [MigratedRec], [CreatedBy], [UploadedRec], [DownloadFlg], [DraftSecurityStatusTypeOID], [SecurityStatusChangedDate], [IPAppointedDate], [PulledFromNexus], [IsSIFAsset], [LastUpdatedBy], [SecurityCoversOID], [SpecificSum], [BackBookChecked], [GrossValue], [SecurityDescription], [DraftCreatedBy], [LiveSecurityStatusTypeOID], [BankingLicenceOID], [CountryLimitationExists], [IsCrossCollateralisedOtherBank], [MCOBRegulated], [IsGroupCollateral], [OriginatingSystemOID], [LBGSecurityValue], [DataAttested], [AttestedBy], [AttestedDate]) VALUES (178175, CAST(N'2010-08-14T09:00:56.073' AS DateTime), CAST(N'2011-04-21T11:18:30.900' AS DateTime), 2000075286, NULL, NULL, N'CMS Team ', 16, NULL, 2, 28, 2, 1, NULL, 9, N'<items><item  name="Stephanie Wilson" value="2000828819"/></items>', CAST(N'2006-04-12T00:00:00.000' AS DateTime), NULL, CAST(N'2006-04-12T00:00:00.000' AS DateTime), NULL, 0, 3, NULL, NULL, NULL, NULL, NULL, NULL, NULL, 1, NULL, NULL, NULL, NULL, NULL, NULL, NULL, NULL, NULL, NULL, NULL, NULL, N'0', 1, NULL, NULL, NULL, NULL, NULL, NULL, CAST(N'2011-04-21T11:18:30.900' AS DateTime), NULL, 1, NULL, N'RTDOM\904080', 2, CAST(50.0000000000 AS Decimal(38, 10)), 1, CAST(200.0000000000 AS Decimal(38, 10)), N'Legal Charge ; 38 Parkgrove Drive, Edinburgh', NULL, NULL, 1, NULL, NULL, NULL, 0, 3, CAST(0.0000000000 AS Decimal(38, 10)), 0, NULL, NULL)



INSERT [dbo].[SecurityGuarantee] ([OID], [Datecreated], [Version], [LiveRecOID], [SecurityGeneralOID], [GuaranteeTypeOID], [OtherType], [FinancialAssistanceOID], [CommBenefitOID], [ReasonNoCommBenefit], [EstimatedCurrValue], [ReducingSum], [PercentCoverageOID], [SupportingCollateral], [WasILAtakenOID]) VALUES (44371, CAST(N'2010-07-08T16:28:44.320' AS DateTime), CAST(N'2010-08-02T09:20:03.107' AS DateTime), NULL, 148719, 8, NULL, 3, 3, NULL, CAST(30.0000000000 AS Decimal(38, 10)), 0, NULL, 1, NULL)

INSERT [dbo].[SecurityGuarantee] ([OID], [Datecreated], [Version], [LiveRecOID], [SecurityGeneralOID], [GuaranteeTypeOID], [OtherType], [FinancialAssistanceOID], [CommBenefitOID], [ReasonNoCommBenefit], [EstimatedCurrValue], [ReducingSum], [PercentCoverageOID], [SupportingCollateral], [WasILAtakenOID]) VALUES (27238, CAST(N'2010-06-26T09:14:15.447' AS DateTime), CAST(N'2014-03-24T11:47:12.850' AS DateTime), NULL, 113241, 8, NULL, 3, 2, NULL, CAST(75.0000000000 AS Decimal(38, 10)), NULL, NULL, 0, NULL)

INSERT [dbo].[SecurityGuarantee] ([OID], [Datecreated], [Version], [LiveRecOID], [SecurityGeneralOID], [GuaranteeTypeOID], [OtherType], [FinancialAssistanceOID], [CommBenefitOID], [ReasonNoCommBenefit], [EstimatedCurrValue], [ReducingSum], [PercentCoverageOID], [SupportingCollateral], [WasILAtakenOID]) VALUES (89230, CAST(N'2018-10-24T12:40:54.637' AS DateTime), CAST(N'2019-01-03T12:33:18.880' AS DateTime), NULL, 473235, 8, NULL, 3, 3, NULL, CAST(700.0000000000 AS Decimal(38, 10)), 0, NULL, 1, 1)

INSERT [dbo].[SecurityGuarantee] ([OID], [Datecreated], [Version], [LiveRecOID], [SecurityGeneralOID], [GuaranteeTypeOID], [OtherType], [FinancialAssistanceOID], [CommBenefitOID], [ReasonNoCommBenefit], [EstimatedCurrValue], [ReducingSum], [PercentCoverageOID], [SupportingCollateral], [WasILAtakenOID]) VALUES (65477, CAST(N'2011-07-29T15:09:56.053' AS DateTime), CAST(N'2012-04-04T16:34:11.150' AS DateTime), NULL, 161511, 8, NULL, 3, NULL, NULL, NULL, NULL, NULL, 0, NULL)

INSERT [dbo].[SecurityGuarantee] ([OID], [Datecreated], [Version], [LiveRecOID], [SecurityGeneralOID], [GuaranteeTypeOID], [OtherType], [FinancialAssistanceOID], [CommBenefitOID], [ReasonNoCommBenefit], [EstimatedCurrValue], [ReducingSum], [PercentCoverageOID], [SupportingCollateral], [WasILAtakenOID]) VALUES (51569, CAST(N'2010-08-14T09:00:56.073' AS DateTime), CAST(N'2010-08-14T09:00:56.073' AS DateTime), NULL, 178175, 14, NULL, NULL, 2, NULL, NULL, NULL, NULL, NULL, NULL)


INSERT [dbo].[SecuritySupportingCollateralSummary] ([OID], [Datecreated], [Version], [SecurityGuaranteeOID], [SecurityCounterIndemnityOID], [SupportingSecOID]) VALUES (24, CAST(N'2010-07-08T16:28:44.657' AS DateTime), CAST(N'2010-07-08T16:28:44.657' AS DateTime), 44371, NULL, 148718)

INSERT [dbo].[SecuritySupportingCollateralSummary] ([OID], [Datecreated], [Version], [SecurityGuaranteeOID], [SecurityCounterIndemnityOID], [SupportingSecOID]) VALUES (74, CAST(N'2010-08-13T13:19:14.313' AS DateTime), CAST(N'2016-09-03T07:00:03.127' AS DateTime), 27238, NULL, NULL)

INSERT [dbo].[SecuritySupportingCollateralSummary] ([OID], [Datecreated], [Version], [SecurityGuaranteeOID], [SecurityCounterIndemnityOID], [SupportingSecOID]) VALUES (1946, CAST(N'2018-12-18T15:52:53.407' AS DateTime), CAST(N'2018-12-18T15:52:53.407' AS DateTime), 89230, NULL, 475210)

INSERT [dbo].[SecuritySupportingCollateralSummary] ([OID], [Datecreated], [Version], [SecurityGuaranteeOID], [SecurityCounterIndemnityOID], [SupportingSecOID]) VALUES (1947, CAST(N'2018-12-18T15:52:53.407' AS DateTime), CAST(N'2018-12-18T15:52:53.407' AS DateTime), 89230, NULL, 475232)


INSERT [dbo].[SecurityPropertyDetails] ([OID], [Datecreated], [Version], [SecurityGeneralOID], [SecurityHeritableOID], [SecurityHASOID], [PropertyTypeOID], [AddressOID], [AgriPercent], [StudentAccPercent], [CommRetailPercent], [CommOfficePercent], [CommIndustrialPercent], [CommNursingHomePercent], [CommHotelPercent], [ResidentialPercent], [TotalPercent], [PercentOwned], [SchemeTypeOID], [PropertyLocationOID], [PropertyStatusOID], [DemolitionDate], [RTBDeedRecdDate], [SoldRTBDate], [RTBFundRecdDate], [PropertyManagedBy], [UPRNCode], [Comments], [IsIndexationInEffect], [FairMarketIndexationValue], [FairMarketIndexationDate], [GrantorSignedDate], [SecurityMadeAvailableDate], [RegistrationDate], [HeritableChargeTypeOID], [OtherHeritableCharge], [PropPartOfLSVT], [LiveRecOID], [DraftModifiedColumns], [DeleteAction], [IsUpdated], [FormNumber], [LeaseExpiryDate]) VALUES (50162, CAST(N'2010-08-14T08:58:26.090' AS DateTime), CAST(N'2010-08-14T08:58:26.090' AS DateTime), 161511, 50161, NULL, NULL, 65931, NULL, NULL, NULL, NULL, NULL, NULL, NULL, NULL, NULL, NULL, NULL, NULL, NULL, NULL, NULL, NULL, NULL, NULL, NULL, NULL, NULL, NULL, NULL, NULL, NULL, NULL, NULL, NULL, NULL, NULL, NULL, NULL, NULL, NULL, NULL)

INSERT [dbo].[SecurityPropertyDetails] ([OID], [Datecreated], [Version], [SecurityGeneralOID], [SecurityHeritableOID], [SecurityHASOID], [PropertyTypeOID], [AddressOID], [AgriPercent], [StudentAccPercent], [CommRetailPercent], [CommOfficePercent], [CommIndustrialPercent], [CommNursingHomePercent], [CommHotelPercent], [ResidentialPercent], [TotalPercent], [PercentOwned], [SchemeTypeOID], [PropertyLocationOID], [PropertyStatusOID], [DemolitionDate], [RTBDeedRecdDate], [SoldRTBDate], [RTBFundRecdDate], [PropertyManagedBy], [UPRNCode], [Comments], [IsIndexationInEffect], [FairMarketIndexationValue], [FairMarketIndexationDate], [GrantorSignedDate], [SecurityMadeAvailableDate], [RegistrationDate], [HeritableChargeTypeOID], [OtherHeritableCharge], [PropPartOfLSVT], [LiveRecOID], [DraftModifiedColumns], [DeleteAction], [IsUpdated], [FormNumber], [LeaseExpiryDate]) VALUES (65344, CAST(N'2010-10-07T13:20:28.973' AS DateTime), CAST(N'2011-04-21T11:18:30.940' AS DateTime), 178175, 65340, NULL, 1, 86790, CAST(0.00 AS Decimal(5, 2)), NULL, CAST(0.00 AS Decimal(5, 2)), CAST(0.00 AS Decimal(5, 2)), CAST(0.00 AS Decimal(5, 2)), CAST(0.00 AS Decimal(5, 2)), CAST(0.00 AS Decimal(5, 2)), CAST(100.00 AS Decimal(5, 2)), CAST(100.00 AS Decimal(5, 2)), NULL, NULL, NULL, 2, NULL, NULL, NULL, NULL, NULL, NULL, NULL, 0, CAST(200.0000000000 AS Decimal(38, 10)), CAST(N'2009-11-13T00:00:00.000' AS DateTime), NULL, NULL, NULL, NULL, NULL, NULL, NULL, NULL, NULL, NULL, NULL, NULL)


INSERT [dbo].[SecurityPropertyValuationDetails] ([OID], [Datecreated], [Version], [SecurityPropertyDetailsOID], [Valuation], [IsNexusValuation], [ValuationDate], [SourceOID], [OtherSource], [ValuationMethodOID], [OtherValuationMethod], [ValuerNameOID], [ValuerContactName], [ValuerQuoteReceived], [ValuerAmountInvoiced], [ValuerChargeDate], [IsSatisfactory], [DissatisfactionReasonOID], [OtherDissatisfactionReason], [IsCustomerFeePaid], [DraftModifiedColumns], [LiveRecOID], [SequenceNo], [ValuerContactDirectNumber], [AddressDetailsOID], [PersonalContactNumber], [ValuerBranchAddress], [ReasonForZeroValuationTypeOID], [SecurityOwnedAssetDetailsOID], [AssetResidualValueTypeOID], [IsResidualValuationGuaranteeInPlace], [LatestIndexationOID], [SourceOfIndexedValuation], [SourceOfIndexationDate], [IsInternalValuation]) VALUES (31209, CAST(N'2010-10-07T13:20:29.120' AS DateTime), CAST(N'2011-04-21T11:18:31.090' AS DateTime), 65344, CAST(200.00000 AS Decimal(38, 5)), 0, CAST(N'2009-11-13T00:00:00.000' AS DateTime), NULL, NULL, NULL, NULL, NULL, NULL, NULL, NULL, NULL, NULL, NULL, NULL, NULL, NULL, NULL, NULL, NULL, NULL, NULL, NULL, NULL, NULL, NULL, NULL, NULL, NULL, NULL, NULL)

INSERT [dbo].[SecurityPropertyValuationDetails] ([OID], [Datecreated], [Version], [SecurityPropertyDetailsOID], [Valuation], [IsNexusValuation], [ValuationDate], [SourceOID], [OtherSource], [ValuationMethodOID], [OtherValuationMethod], [ValuerNameOID], [ValuerContactName], [ValuerQuoteReceived], [ValuerAmountInvoiced], [ValuerChargeDate], [IsSatisfactory], [DissatisfactionReasonOID], [OtherDissatisfactionReason], [IsCustomerFeePaid], [DraftModifiedColumns], [LiveRecOID], [SequenceNo], [ValuerContactDirectNumber], [AddressDetailsOID], [PersonalContactNumber], [ValuerBranchAddress], [ReasonForZeroValuationTypeOID], [SecurityOwnedAssetDetailsOID], [AssetResidualValueTypeOID], [IsResidualValuationGuaranteeInPlace], [LatestIndexationOID], [SourceOfIndexedValuation], [SourceOfIndexationDate], [IsInternalValuation]) VALUES (133566, CAST(N'2010-10-07T13:20:28.973' AS DateTime), CAST(N'2011-04-21T11:18:30.940' AS DateTime), 65344, CAST(200.00000 AS Decimal(38, 5)), 1, CAST(N'2009-11-13T00:00:00.000' AS DateTime), 3, N'Release 5 Update - 11/10/2014', 3, NULL, NULL, NULL, NULL, NULL, NULL, NULL, NULL, NULL, NULL, NULL, NULL, NULL, NULL, NULL, NULL, NULL, NULL, NULL, NULL, NULL, NULL, NULL, NULL, 1)


INSERT [dbo].[SecurityGeneral] ([OID], [Datecreated], [Version], [LegalEntityOID], [LiveRecOID], [LegalEntityName], [OwnerName], [SecurityTypeOID], [SIFAssetType], [SecurityAvailabilityOID], [CurrencyOID], [LegalJurisdictionOID], [SecurityEndDateOID], [SpecificEndDate], [SecurityStatusOID], [GrantorName], [SecurityMadeAvailableDate], [PartialDischarge], [GrantorSignedDate], [RegistrationDate], [Syndicated], [SecurityAgentsOrTrustee], [AgentTrustee], [OtherSecurityAgentTrustee], [OtherSecurityAgentTrusteeId], [SecurityBasisOfAllocationOID], [SecurityAllocatedSpecificValue], [SecurityAllocatedPercentageValue], [ParticipantBanks], [ForeignLegalOpinionObtained], [InsolvencyAgentID], [InsolvencyAgentName], [ForcedSaleValue], [DateOfValuation], [ValuedById], [ValuedByName], [ReasonValueDifferent], [ExpectedClearanceDate], [GrossValueRecovered], [NetValueRecovered], [LBGShareRecovered], [DateCollateralValueRecovered], [IsAssetInsured], [DoesSecMeetCreditRiskMitiPolicy], [AssetRefNo], [MigratedRec], [CreatedBy], [UploadedRec], [DownloadFlg], [DraftSecurityStatusTypeOID], [SecurityStatusChangedDate], [IPAppointedDate], [PulledFromNexus], [IsSIFAsset], [LastUpdatedBy], [SecurityCoversOID], [SpecificSum], [BackBookChecked], [GrossValue], [SecurityDescription], [DraftCreatedBy], [LiveSecurityStatusTypeOID], [BankingLicenceOID], [CountryLimitationExists], [IsCrossCollateralisedOtherBank], [MCOBRegulated], [IsGroupCollateral], [OriginatingSystemOID], [LBGSecurityValue], [DataAttested], [AttestedBy], [AttestedDate]) VALUES (465750, CAST(N'2018-02-27T16:01:25.833' AS DateTime), CAST(N'2020-06-05T09:57:26.377' AS DateTime), 1980002119, NULL, N'European Metal Recycling Limited', NULL, 2000000, NULL, NULL, 28, NULL, 1, NULL, 5, NULL, NULL, NULL, NULL, NULL, NULL, NULL, NULL, NULL, NULL, NULL, NULL, NULL, NULL, NULL, NULL, NULL, NULL, NULL, NULL, NULL, NULL, NULL, NULL, NULL, NULL, NULL, NULL, NULL, NULL, NULL, NULL, NULL, NULL, NULL, CAST(N'2018-02-28T07:18:38.170' AS DateTime), NULL, NULL, NULL, N'MARKETS\9146933', NULL, NULL, NULL, CAST(40.0000000000 AS Decimal(38, 10)), N'Commercial Vehicles', NULL, NULL, 1, NULL, NULL, NULL, 0, 1, CAST(40.0000000000 AS Decimal(38, 10)), 0, NULL, NULL)

INSERT [dbo].[SecurityGeneral] ([OID], [Datecreated], [Version], [LegalEntityOID], [LiveRecOID], [LegalEntityName], [OwnerName], [SecurityTypeOID], [SIFAssetType], [SecurityAvailabilityOID], [CurrencyOID], [LegalJurisdictionOID], [SecurityEndDateOID], [SpecificEndDate], [SecurityStatusOID], [GrantorName], [SecurityMadeAvailableDate], [PartialDischarge], [GrantorSignedDate], [RegistrationDate], [Syndicated], [SecurityAgentsOrTrustee], [AgentTrustee], [OtherSecurityAgentTrustee], [OtherSecurityAgentTrusteeId], [SecurityBasisOfAllocationOID], [SecurityAllocatedSpecificValue], [SecurityAllocatedPercentageValue], [ParticipantBanks], [ForeignLegalOpinionObtained], [InsolvencyAgentID], [InsolvencyAgentName], [ForcedSaleValue], [DateOfValuation], [ValuedById], [ValuedByName], [ReasonValueDifferent], [ExpectedClearanceDate], [GrossValueRecovered], [NetValueRecovered], [LBGShareRecovered], [DateCollateralValueRecovered], [IsAssetInsured], [DoesSecMeetCreditRiskMitiPolicy], [AssetRefNo], [MigratedRec], [CreatedBy], [UploadedRec], [DownloadFlg], [DraftSecurityStatusTypeOID], [SecurityStatusChangedDate], [IPAppointedDate], [PulledFromNexus], [IsSIFAsset], [LastUpdatedBy], [SecurityCoversOID], [SpecificSum], [BackBookChecked], [GrossValue], [SecurityDescription], [DraftCreatedBy], [LiveSecurityStatusTypeOID], [BankingLicenceOID], [CountryLimitationExists], [IsCrossCollateralisedOtherBank], [MCOBRegulated], [IsGroupCollateral], [OriginatingSystemOID], [LBGSecurityValue], [DataAttested], [AttestedBy], [AttestedDate]) VALUES (465752, CAST(N'2018-02-27T16:02:59.303' AS DateTime), CAST(N'2020-06-05T09:53:17.617' AS DateTime), 1980002119, NULL, N'European Metal Recycling Limited', NULL, 2000000, NULL, NULL, 28, NULL, 1, NULL, 5, NULL, NULL, NULL, NULL, NULL, NULL, NULL, NULL, NULL, NULL, NULL, NULL, NULL, NULL, NULL, NULL, NULL, NULL, NULL, NULL, NULL, NULL, NULL, NULL, NULL, NULL, NULL, NULL, NULL, NULL, NULL, NULL, NULL, NULL, NULL, CAST(N'2018-02-28T07:21:38.853' AS DateTime), NULL, NULL, NULL, N'MARKETS\9146933', NULL, NULL, NULL, CAST(87.5000000000 AS Decimal(38, 10)), N'Commercial Vehicles', NULL, NULL, 1, NULL, NULL, NULL, 0, 1, CAST(87.5000000000 AS Decimal(38, 10)), 0, NULL, NULL)


INSERT [dbo].[SecurityOtherChargeDetails] ([OID], [Datecreated], [Version], [SecurityGeneralOID], [LiveRecOID], [SecurityPropertyDetailsOID], [OrderNumber], [Amount], [NexusPartyTypeOID], [PartyNameLegalEntityID], [PartyName], [EndDateTypeOID], [SpecificDate], [Details], [FormNumber], [RankingCoversTypeOID]) VALUES (1, CAST(N'2010-06-15T12:55:17.023' AS DateTime), CAST(N'2018-05-02T08:08:09.200' AS DateTime), 3726, NULL, NULL, 1, CAST(109.5880000000 AS Decimal(38, 10)), 2, 563939, N'Halifax Group Limited', 1, NULL, NULL, NULL, NULL)
INSERT [dbo].[SecurityOtherChargeDetails] ([OID], [Datecreated], [Version], [SecurityGeneralOID], [LiveRecOID], [SecurityPropertyDetailsOID], [OrderNumber], [Amount], [NexusPartyTypeOID], [PartyNameLegalEntityID], [PartyName], [EndDateTypeOID], [SpecificDate], [Details], [FormNumber], [RankingCoversTypeOID]) VALUES (2, CAST(N'2010-06-16T11:52:50.220' AS DateTime), CAST(N'2010-09-15T13:35:29.120' AS DateTime), 3822, NULL, NULL, 1, CAST(384.0000000000 AS Decimal(38, 10)), 2, 126951, N'Standard Life Bank PLC', 1, NULL, NULL, NULL, NULL)

INSERT [dbo].[SecurityOwnedAssetDetails] ([OID], [Datecreated], [Version], [SecurityGeneralOID], [LiveRecOID], [AssetTypeOID], [AssetSubTypeOID], [FilenetRefNo], [AssetRefID], [LocationofAssetOID], [AssetOwnershipTypeOID], [IsMutipleAsset], [NumberOfAsset], [AssetDescription], [BankingLicenceOID]) VALUES (355, CAST(N'2018-02-27T16:01:25.840' AS DateTime), CAST(N'2020-06-05T09:57:26.390' AS DateTime), 465750, NULL, 2000009, 22, N'CF2367-001', NULL, 78, 3, 1, 2, N'2 x DAF Euro 6 XF460 FTG Space Cab tractor unit (17 plate)', 14)
INSERT [dbo].[SecurityOwnedAssetDetails] ([OID], [Datecreated], [Version], [SecurityGeneralOID], [LiveRecOID], [AssetTypeOID], [AssetSubTypeOID], [FilenetRefNo], [AssetRefID], [LocationofAssetOID], [AssetOwnershipTypeOID], [IsMutipleAsset], [NumberOfAsset], [AssetDescription], [BankingLicenceOID]) VALUES (357, CAST(N'2018-02-27T16:02:59.310' AS DateTime), CAST(N'2020-06-05T09:53:17.633' AS DateTime), 465752, NULL, 2000009, 22, N'CF2274/001', N'Commercial vehicles', 78, 3, 1, 2, N'2 x Scania P370 CB 8x4 MNZ hookloaders &  2 x Scania P250 DB 4x2 MNA skiploaders (16 plate)', 14)

INSERT [dbo].[SecurityOtherChargeDetails] ([OID], [Datecreated], [Version], [SecurityGeneralOID], [LiveRecOID], [SecurityPropertyDetailsOID], [OrderNumber], [Amount], [NexusPartyTypeOID], [PartyNameLegalEntityID], [PartyName], [EndDateTypeOID], [SpecificDate], [Details], [FormNumber], [RankingCoversTypeOID]) VALUES (1855, CAST(N'2010-10-07T13:20:28.900' AS DateTime), CAST(N'2011-04-21T11:18:30.917' AS DateTime), 178175, NULL, NULL, 1, CAST(90.0000000000 AS Decimal(38, 10)), 2, 2000128779, NULL, 1, NULL, NULL, NULL, NULL)
INSERT [dbo].[SecurityOtherChargeDetails] ([OID], [Datecreated], [Version], [SecurityGeneralOID], [LiveRecOID], [SecurityPropertyDetailsOID], [OrderNumber], [Amount], [NexusPartyTypeOID], [PartyNameLegalEntityID], [PartyName], [EndDateTypeOID], [SpecificDate], [Details], [FormNumber], [RankingCoversTypeOID]) VALUES (1856, CAST(N'2010-10-07T13:20:28.900' AS DateTime), CAST(N'2011-04-21T11:18:30.917' AS DateTime), 178175, NULL, NULL, 2, CAST(110.0000000000 AS Decimal(38, 10)), 1, NULL, NULL, 1, NULL, NULL, NULL, NULL)



INSERT [dbo].[SecurityAddressDetails] ([OID], [Datecreated], [Version], [ContactName], [OfficeName], [PropertyName], [Street], [Town], [PostCode], [Region], [CountryOID], [InternalMailNo]) VALUES (113241, CAST(N'2011-02-02T14:27:23.290' AS DateTime), CAST(N'2011-02-02T14:27:23.290' AS DateTime), NULL, NULL, NULL, NULL, NULL, NULL, NULL, NULL, NULL)

INSERT [dbo].[SecurityAddressDetails] ([OID], [Datecreated], [Version], [ContactName], [OfficeName], [PropertyName], [Street], [Town], [PostCode], [Region], [CountryOID], [InternalMailNo]) VALUES (148719, CAST(N'2011-10-18T17:19:47.850' AS DateTime), CAST(N'2011-11-10T16:42:41.873' AS DateTime), N'JIM DAVIDSON OF MACDONALD HOTELS ', NULL, N'61-63', N'LONDON ROAD', N'REDHILL', N'RH1 1NA', 5, NULL, NULL)

INSERT [dbo].[SecurityAddressDetails] ([OID], [Datecreated], [Version], [ContactName], [OfficeName], [PropertyName], [Street], [Town], [PostCode], [Region], [CountryOID], [InternalMailNo]) VALUES (473235, CAST(N'2017-02-23T10:10:25.270' AS DateTime), CAST(N'2017-02-23T10:10:25.270' AS DateTime), NULL, NULL, N'6', N'Wellington Place', N'London', N'LS1 4AP', 5, NULL, NULL)

INSERT [dbo].[SecurityAddressDetails] ([OID], [Datecreated], [Version], [ContactName], [OfficeName], [PropertyName], [Street], [Town], [PostCode], [Region], [CountryOID], [InternalMailNo]) VALUES (161511, CAST(N'2012-04-04T14:36:31.840' AS DateTime), CAST(N'2012-04-04T14:36:31.840' AS DateTime), NULL, NULL, NULL, N'var', N'var', N'var', 6, NULL, NULL)

INSERT [dbo].[SecurityAddressDetails] ([OID], [Datecreated], [Version], [ContactName], [OfficeName], [PropertyName], [Street], [Town], [PostCode], [Region], [CountryOID], [InternalMailNo]) VALUES (178175, CAST(N'2012-07-04T10:17:00.520' AS DateTime), CAST(N'2012-07-04T10:17:00.520' AS DateTime), NULL, NULL, NULL, N'101 Elderfield Road, Clapton', N'London', N'E5 0LE', 5, 223, NULL)

INSERT [dbo].[SecurityAddressDetails] ([OID], [Datecreated], [Version], [ContactName], [OfficeName], [PropertyName], [Street], [Town], [PostCode], [Region], [CountryOID], [InternalMailNo]) VALUES (465750, CAST(N'2016-11-28T10:41:41.553' AS DateTime), CAST(N'2018-03-08T10:49:27.277' AS DateTime), NULL, NULL, NULL, NULL, NULL, NULL, NULL, NULL, NULL)

INSERT [dbo].[SecurityAddressDetails] ([OID], [Datecreated], [Version], [ContactName], [OfficeName], [PropertyName], [Street], [Town], [PostCode], [Region], [CountryOID], [InternalMailNo]) VALUES (465752, CAST(N'2017-11-28T10:41:41.553' AS DateTime), CAST(N'2018-11-08T10:49:27.277' AS DateTime), NULL, NULL, NULL, NULL, NULL, NULL, NULL, NULL, NULL)

  
  
  
