INSERT [dbo].[SecurityGeneral] ([OID], [Datecreated], [Version], [LegalEntityOID], [LiveRecOID], [LegalEntityName], [OwnerName], [SecurityTypeOID], [SIFAssetType], [SecurityAvailabilityOID], [CurrencyOID], [LegalJurisdictionOID], [SecurityEndDateOID], [SpecificEndDate], [SecurityStatusOID], [GrantorName], [SecurityMadeAvailableDate], [PartialDischarge], [GrantorSignedDate], [RegistrationDate], [Syndicated], [SecurityAgentsOrTrustee], [AgentTrustee], [OtherSecurityAgentTrustee], [OtherSecurityAgentTrusteeId], [SecurityBasisOfAllocationOID], [SecurityAllocatedSpecificValue], [SecurityAllocatedPercentageValue], [ParticipantBanks], [ForeignLegalOpinionObtained], [InsolvencyAgentID], [InsolvencyAgentName], [ForcedSaleValue], [DateOfValuation], [ValuedById], [ValuedByName], [ReasonValueDifferent], [ExpectedClearanceDate], [GrossValueRecovered], [NetValueRecovered], [LBGShareRecovered], [DateCollateralValueRecovered], [IsAssetInsured], [DoesSecMeetCreditRiskMitiPolicy], [AssetRefNo], [MigratedRec], [CreatedBy], [UploadedRec], [DownloadFlg], [DraftSecurityStatusTypeOID], [SecurityStatusChangedDate], [IPAppointedDate], [PulledFromNexus], [IsSIFAsset], [LastUpdatedBy], [SecurityCoversOID], [SpecificSum], [BackBookChecked], [GrossValue], [SecurityDescription], [DraftCreatedBy], [LiveSecurityStatusTypeOID], [BankingLicenceOID], [CountryLimitationExists], [IsCrossCollateralisedOtherBank], [MCOBRegulated], [IsGroupCollateral], [OriginatingSystemOID], [LBGSecurityValue], [DataAttested], [AttestedBy], [AttestedDate]) VALUES (113241, CAST(N'2010-06-26T09:14:15.447' AS DateTime), CAST(N'2014-03-24T11:47:12.810' AS DateTime), 39845, NULL, N'Axiom Business Computers Limited', N'DAVID POLLOCK', 8, NULL, 1, 28, 1, 1, NULL, 5, N'<items><item  name="George Blair" value="2000548712"/></items>', CAST(N'2007-07-25T00:00:00.000' AS DateTime), NULL, CAST(N'2007-07-25T00:00:00.000' AS DateTime), NULL, 0, 3, NULL, NULL, NULL, NULL, NULL, NULL, NULL, 1, NULL, NULL, NULL, NULL, NULL, NULL, NULL, NULL, NULL, NULL, NULL, NULL, NULL, 1, NULL, NULL, NULL, NULL, NULL, NULL, CAST(N'2014-03-24T11:47:12.810' AS DateTime), NULL, 1, NULL, N'RTDOM\905893', 2, CAST(190.0000000000 AS Decimal(38, 10)), 1, CAST(75.0000000000 AS Decimal(38, 10)), N'Personal', NULL, NULL, 1, NULL, 0, NULL, 0, 3, CAST(190.0000000000 AS Decimal(38, 10)), 0, NULL, NULL)

INSERT [dbo].[SecurityGeneral] ([OID], [Datecreated], [Version], [LegalEntityOID], [LiveRecOID], [LegalEntityName], [OwnerName], [SecurityTypeOID], [SIFAssetType], [SecurityAvailabilityOID], [CurrencyOID], [LegalJurisdictionOID], [SecurityEndDateOID], [SpecificEndDate], [SecurityStatusOID], [GrantorName], [SecurityMadeAvailableDate], [PartialDischarge], [GrantorSignedDate], [RegistrationDate], [Syndicated], [SecurityAgentsOrTrustee], [AgentTrustee], [OtherSecurityAgentTrustee], [OtherSecurityAgentTrusteeId], [SecurityBasisOfAllocationOID], [SecurityAllocatedSpecificValue], [SecurityAllocatedPercentageValue], [ParticipantBanks], [ForeignLegalOpinionObtained], [InsolvencyAgentID], [InsolvencyAgentName], [ForcedSaleValue], [DateOfValuation], [ValuedById], [ValuedByName], [ReasonValueDifferent], [ExpectedClearanceDate], [GrossValueRecovered], [NetValueRecovered], [LBGShareRecovered], [DateCollateralValueRecovered], [IsAssetInsured], [DoesSecMeetCreditRiskMitiPolicy], [AssetRefNo], [MigratedRec], [CreatedBy], [UploadedRec], [DownloadFlg], [DraftSecurityStatusTypeOID], [SecurityStatusChangedDate], [IPAppointedDate], [PulledFromNexus], [IsSIFAsset], [LastUpdatedBy], [SecurityCoversOID], [SpecificSum], [BackBookChecked], [GrossValue], [SecurityDescription], [DraftCreatedBy], [LiveSecurityStatusTypeOID], [BankingLicenceOID], [CountryLimitationExists], [IsCrossCollateralisedOtherBank], [MCOBRegulated], [IsGroupCollateral], [OriginatingSystemOID], [LBGSecurityValue], [DataAttested], [AttestedBy], [AttestedDate]) VALUES (148719, CAST(N'2010-07-08T16:28:44.300' AS DateTime), CAST(N'2010-08-02T09:20:02.870' AS DateTime), 2001050658, NULL, NULL, NULL, 8, NULL, 2, 28, 1, 1, NULL, 5, N'<items><item  name="Eleanor Joy Black" value="2001050660"/></items>', CAST(N'2010-06-03T00:00:00.000' AS DateTime), NULL, CAST(N'2010-05-29T00:00:00.000' AS DateTime), CAST(N'2010-05-29T00:00:00.000' AS DateTime), 0, 3, NULL, NULL, NULL, NULL, NULL, NULL, NULL, 1, NULL, NULL, NULL, NULL, NULL, NULL, NULL, NULL, NULL, NULL, NULL, NULL, NULL, 1, NULL, NULL, NULL, NULL, NULL, NULL, CAST(N'2010-08-02T09:20:02.870' AS DateTime), NULL, NULL, NULL, N'RTDOM\356109', 2, CAST(30.0000000000 AS Decimal(38, 10)), 0, CAST(30.0000000000 AS Decimal(38, 10)), N'Personal With Supporting Collateral Id : 148718', NULL, NULL, 1, NULL, NULL, NULL, 0, 1, CAST(30.0000000000 AS Decimal(38, 10)), 0, NULL, NULL)

INSERT [dbo].[SecurityGeneral] ([OID], [Datecreated], [Version], [LegalEntityOID], [LiveRecOID], [LegalEntityName], [OwnerName], [SecurityTypeOID], [SIFAssetType], [SecurityAvailabilityOID], [CurrencyOID], [LegalJurisdictionOID], [SecurityEndDateOID], [SpecificEndDate], [SecurityStatusOID], [GrantorName], [SecurityMadeAvailableDate], [PartialDischarge], [GrantorSignedDate], [RegistrationDate], [Syndicated], [SecurityAgentsOrTrustee], [AgentTrustee], [OtherSecurityAgentTrustee], [OtherSecurityAgentTrusteeId], [SecurityBasisOfAllocationOID], [SecurityAllocatedSpecificValue], [SecurityAllocatedPercentageValue], [ParticipantBanks], [ForeignLegalOpinionObtained], [InsolvencyAgentID], [InsolvencyAgentName], [ForcedSaleValue], [DateOfValuation], [ValuedById], [ValuedByName], [ReasonValueDifferent], [ExpectedClearanceDate], [GrossValueRecovered], [NetValueRecovered], [LBGShareRecovered], [DateCollateralValueRecovered], [IsAssetInsured], [DoesSecMeetCreditRiskMitiPolicy], [AssetRefNo], [MigratedRec], [CreatedBy], [UploadedRec], [DownloadFlg], [DraftSecurityStatusTypeOID], [SecurityStatusChangedDate], [IPAppointedDate], [PulledFromNexus], [IsSIFAsset], [LastUpdatedBy], [SecurityCoversOID], [SpecificSum], [BackBookChecked], [GrossValue], [SecurityDescription], [DraftCreatedBy], [LiveSecurityStatusTypeOID], [BankingLicenceOID], [CountryLimitationExists], [IsCrossCollateralisedOtherBank], [MCOBRegulated], [IsGroupCollateral], [OriginatingSystemOID], [LBGSecurityValue], [DataAttested], [AttestedBy], [AttestedDate]) VALUES (473235, CAST(N'2018-10-24T12:40:54.610' AS DateTime), CAST(N'2019-01-03T12:33:18.830' AS DateTime), 2001495500, NULL, N'Halso UK Fuels Limited', NULL, 8, NULL, 1, 28, 2, 1, NULL, 5, N'<items><item  name="Mr Paul Andrew Osborn" value="2002621621"/><item  name="Emma Louise Osborn" value="2002890775"/></items>', CAST(N'2018-12-18T00:00:00.000' AS DateTime), NULL, CAST(N'2018-10-29T00:00:00.000' AS DateTime), NULL, 0, 3, NULL, NULL, NULL, NULL, NULL, NULL, NULL, 1, NULL, NULL, NULL, NULL, NULL, NULL, NULL, NULL, NULL, NULL, NULL, NULL, NULL, 1, NULL, NULL, NULL, NULL, NULL, NULL, CAST(N'2018-12-18T15:52:53.123' AS DateTime), NULL, NULL, NULL, N'GLOBAL\907455', 2, CAST(745.0000000000 AS Decimal(38, 10)), 0, CAST(700.0000000000 AS Decimal(38, 10)), N'Personal With Supporting Collateral Id : 475210, 475232', NULL, NULL, 2, NULL, 0, NULL, 0, 1, CAST(745.0000000000 AS Decimal(38, 10)), 0, NULL, NULL)

INSERT [dbo].[SecurityGeneral] ([OID], [Datecreated], [Version], [LegalEntityOID], [LiveRecOID], [LegalEntityName], [OwnerName], [SecurityTypeOID], [SIFAssetType], [SecurityAvailabilityOID], [CurrencyOID], [LegalJurisdictionOID], [SecurityEndDateOID], [SpecificEndDate], [SecurityStatusOID], [GrantorName], [SecurityMadeAvailableDate], [PartialDischarge], [GrantorSignedDate], [RegistrationDate], [Syndicated], [SecurityAgentsOrTrustee], [AgentTrustee], [OtherSecurityAgentTrustee], [OtherSecurityAgentTrusteeId], [SecurityBasisOfAllocationOID], [SecurityAllocatedSpecificValue], [SecurityAllocatedPercentageValue], [ParticipantBanks], [ForeignLegalOpinionObtained], [InsolvencyAgentID], [InsolvencyAgentName], [ForcedSaleValue], [DateOfValuation], [ValuedById], [ValuedByName], [ReasonValueDifferent], [ExpectedClearanceDate], [GrossValueRecovered], [NetValueRecovered], [LBGShareRecovered], [DateCollateralValueRecovered], [IsAssetInsured], [DoesSecMeetCreditRiskMitiPolicy], [AssetRefNo], [MigratedRec], [CreatedBy], [UploadedRec], [DownloadFlg], [DraftSecurityStatusTypeOID], [SecurityStatusChangedDate], [IPAppointedDate], [PulledFromNexus], [IsSIFAsset], [LastUpdatedBy], [SecurityCoversOID], [SpecificSum], [BackBookChecked], [GrossValue], [SecurityDescription], [DraftCreatedBy], [LiveSecurityStatusTypeOID], [BankingLicenceOID], [CountryLimitationExists], [IsCrossCollateralisedOtherBank], [MCOBRegulated], [IsGroupCollateral], [OriginatingSystemOID], [LBGSecurityValue], [DataAttested], [AttestedBy], [AttestedDate]) VALUES (161511, CAST(N'2010-08-14T08:58:26.090' AS DateTime), CAST(N'2012-04-04T16:34:11.117' AS DateTime), 2000471220, NULL, NULL, N'Craig McCallum', 8, NULL, 1, 28, 2, 1, NULL, 9, N'<items><item  name="Richard McDonald" value="2000471923"/><item  name="Susan McDonald" value="2000471924"/></items>', CAST(N'2004-03-08T00:00:00.000' AS DateTime), NULL, CAST(N'2004-03-08T00:00:00.000' AS DateTime), NULL, 0, 3, NULL, NULL, NULL, NULL, NULL, NULL, NULL, 1, NULL, NULL, NULL, NULL, NULL, NULL, NULL, NULL, NULL, NULL, NULL, NULL, NULL, 1, NULL, NULL, NULL, NULL, NULL, NULL, CAST(N'2012-04-04T16:34:11.117' AS DateTime), NULL, 1, NULL, N'RTDOM\83329', 2, CAST(50.0000000000 AS Decimal(38, 10)), 1, CAST(0.0000000000 AS Decimal(38, 10)), N'Personal', NULL, NULL, 1, NULL, NULL, NULL, 0, 3, CAST(50.0000000000 AS Decimal(38, 10)), 0, NULL, NULL)

INSERT [dbo].[SecurityGeneral] ([OID], [Datecreated], [Version], [LegalEntityOID], [LiveRecOID], [LegalEntityName], [OwnerName], [SecurityTypeOID], [SIFAssetType], [SecurityAvailabilityOID], [CurrencyOID], [LegalJurisdictionOID], [SecurityEndDateOID], [SpecificEndDate], [SecurityStatusOID], [GrantorName], [SecurityMadeAvailableDate], [PartialDischarge], [GrantorSignedDate], [RegistrationDate], [Syndicated], [SecurityAgentsOrTrustee], [AgentTrustee], [OtherSecurityAgentTrustee], [OtherSecurityAgentTrusteeId], [SecurityBasisOfAllocationOID], [SecurityAllocatedSpecificValue], [SecurityAllocatedPercentageValue], [ParticipantBanks], [ForeignLegalOpinionObtained], [InsolvencyAgentID], [InsolvencyAgentName], [ForcedSaleValue], [DateOfValuation], [ValuedById], [ValuedByName], [ReasonValueDifferent], [ExpectedClearanceDate], [GrossValueRecovered], [NetValueRecovered], [LBGShareRecovered], [DateCollateralValueRecovered], [IsAssetInsured], [DoesSecMeetCreditRiskMitiPolicy], [AssetRefNo], [MigratedRec], [CreatedBy], [UploadedRec], [DownloadFlg], [DraftSecurityStatusTypeOID], [SecurityStatusChangedDate], [IPAppointedDate], [PulledFromNexus], [IsSIFAsset], [LastUpdatedBy], [SecurityCoversOID], [SpecificSum], [BackBookChecked], [GrossValue], [SecurityDescription], [DraftCreatedBy], [LiveSecurityStatusTypeOID], [BankingLicenceOID], [CountryLimitationExists], [IsCrossCollateralisedOtherBank], [MCOBRegulated], [IsGroupCollateral], [OriginatingSystemOID], [LBGSecurityValue], [DataAttested], [AttestedBy], [AttestedDate]) VALUES (178175, CAST(N'2010-08-14T09:00:56.073' AS DateTime), CAST(N'2011-04-21T11:18:30.900' AS DateTime), 2000075286, NULL, NULL, N'CMS Team ', 16, NULL, 2, 28, 2, 1, NULL, 9, N'<items><item  name="Stephanie Wilson" value="2000828819"/></items>', CAST(N'2006-04-12T00:00:00.000' AS DateTime), NULL, CAST(N'2006-04-12T00:00:00.000' AS DateTime), NULL, 0, 3, NULL, NULL, NULL, NULL, NULL, NULL, NULL, 1, NULL, NULL, NULL, NULL, NULL, NULL, NULL, NULL, NULL, NULL, NULL, NULL, N'0', 1, NULL, NULL, NULL, NULL, NULL, NULL, CAST(N'2011-04-21T11:18:30.900' AS DateTime), NULL, 1, NULL, N'RTDOM\904080', 2, CAST(50.0000000000 AS Decimal(38, 10)), 1, CAST(200.0000000000 AS Decimal(38, 10)), N'Legal Charge ; 38 Parkgrove Drive, Edinburgh', NULL, NULL, 1, NULL, NULL, NULL, 0, 3, CAST(0.0000000000 AS Decimal(38, 10)), 0, NULL, NULL)



INSERT [dbo].[SecurityGuarantee] ([OID], [Datecreated], [Version], [LiveRecOID], [SecurityGeneralOID], [GuaranteeTypeOID], [OtherType], [FinancialAssistanceOID], [CommBenefitOID], [ReasonNoCommBenefit], [EstimatedCurrValue], [ReducingSum], [PercentCoverageOID], [SupportingCollateral], [WasILAtakenOID]) VALUES (44371, CAST(N'2010-07-08T16:28:44.320' AS DateTime), CAST(N'2010-08-02T09:20:03.107' AS DateTime), NULL, 148719, 8, NULL, 3, 3, NULL, CAST(30.0000000000 AS Decimal(38, 10)), 0, NULL, 1, NULL)

INSERT [dbo].[SecurityGuarantee] ([OID], [Datecreated], [Version], [LiveRecOID], [SecurityGeneralOID], [GuaranteeTypeOID], [OtherType], [FinancialAssistanceOID], [CommBenefitOID], [ReasonNoCommBenefit], [EstimatedCurrValue], [ReducingSum], [PercentCoverageOID], [SupportingCollateral], [WasILAtakenOID]) VALUES (27238, CAST(N'2010-06-26T09:14:15.447' AS DateTime), CAST(N'2014-03-24T11:47:12.850' AS DateTime), NULL, 113241, 8, NULL, 3, 2, NULL, CAST(75.0000000000 AS Decimal(38, 10)), NULL, NULL, 0, NULL)

INSERT [dbo].[SecurityGuarantee] ([OID], [Datecreated], [Version], [LiveRecOID], [SecurityGeneralOID], [GuaranteeTypeOID], [OtherType], [FinancialAssistanceOID], [CommBenefitOID], [ReasonNoCommBenefit], [EstimatedCurrValue], [ReducingSum], [PercentCoverageOID], [SupportingCollateral], [WasILAtakenOID]) VALUES (89230, CAST(N'2018-10-24T12:40:54.637' AS DateTime), CAST(N'2019-01-03T12:33:18.880' AS DateTime), NULL, 473235, 8, NULL, 3, 3, NULL, CAST(700.0000000000 AS Decimal(38, 10)), 0, NULL, 1, 1)

INSERT [dbo].[SecurityGuarantee] ([OID], [Datecreated], [Version], [LiveRecOID], [SecurityGeneralOID], [GuaranteeTypeOID], [OtherType], [FinancialAssistanceOID], [CommBenefitOID], [ReasonNoCommBenefit], [EstimatedCurrValue], [ReducingSum], [PercentCoverageOID], [SupportingCollateral], [WasILAtakenOID]) VALUES (65477, CAST(N'2011-07-29T15:09:56.053' AS DateTime), CAST(N'2012-04-04T16:34:11.150' AS DateTime), NULL, 161511, 8, NULL, 3, NULL, NULL, NULL, NULL, NULL, 0, NULL)

INSERT [dbo].[SecurityGuarantee] ([OID], [Datecreated], [Version], [LiveRecOID], [SecurityGeneralOID], [GuaranteeTypeOID], [OtherType], [FinancialAssistanceOID], [CommBenefitOID], [ReasonNoCommBenefit], [EstimatedCurrValue], [ReducingSum], [PercentCoverageOID], [SupportingCollateral], [WasILAtakenOID]) VALUES (51569, CAST(N'2010-08-14T09:00:56.073' AS DateTime), CAST(N'2010-08-14T09:00:56.073' AS DateTime), NULL, 178175, 14, NULL, NULL, 2, NULL, NULL, NULL, NULL, NULL, NULL)


INSERT [dbo].[SecuritySupportingCollateralSummary] ([OID], [Datecreated], [Version], [SecurityGuaranteeOID], [SecurityCounterIndemnityOID], [SupportingSecOID]) VALUES (24, CAST(N'2010-07-08T16:28:44.657' AS DateTime), CAST(N'2010-07-08T16:28:44.657' AS DateTime), 44371, NULL, 148718)

INSERT [dbo].[SecuritySupportingCollateralSummary] ([OID], [Datecreated], [Version], [SecurityGuaranteeOID], [SecurityCounterIndemnityOID], [SupportingSecOID]) VALUES (74, CAST(N'2010-08-13T13:19:14.313' AS DateTime), CAST(N'2016-09-03T07:00:03.127' AS DateTime), 27238, NULL, NULL)

INSERT [dbo].[SecuritySupportingCollateralSummary] ([OID], [Datecreated], [Version], [SecurityGuaranteeOID], [SecurityCounterIndemnityOID], [SupportingSecOID]) VALUES (1946, CAST(N'2018-12-18T15:52:53.407' AS DateTime), CAST(N'2018-12-18T15:52:53.407' AS DateTime), 89230, NULL, 475210)

INSERT [dbo].[SecuritySupportingCollateralSummary] ([OID], [Datecreated], [Version], [SecurityGuaranteeOID], [SecurityCounterIndemnityOID], [SupportingSecOID]) VALUES (1947, CAST(N'2018-12-18T15:52:53.407' AS DateTime), CAST(N'2018-12-18T15:52:53.407' AS DateTime), 89230, NULL, 475232)


INSERT [dbo].[SecurityPropertyDetails] ([OID], [Datecreated], [Version], [SecurityGeneralOID], [SecurityHeritableOID], [SecurityHASOID], [PropertyTypeOID], [AddressOID], [AgriPercent], [StudentAccPercent], [CommRetailPercent], [CommOfficePercent], [CommIndustrialPercent], [CommNursingHomePercent], [CommHotelPercent], [ResidentialPercent], [TotalPercent], [PercentOwned], [SchemeTypeOID], [PropertyLocationOID], [PropertyStatusOID], [DemolitionDate], [RTBDeedRecdDate], [SoldRTBDate], [RTBFundRecdDate], [PropertyManagedBy], [UPRNCode], [Comments], [IsIndexationInEffect], [FairMarketIndexationValue], [FairMarketIndexationDate], [GrantorSignedDate], [SecurityMadeAvailableDate], [RegistrationDate], [HeritableChargeTypeOID], [OtherHeritableCharge], [PropPartOfLSVT], [LiveRecOID], [DraftModifiedColumns], [DeleteAction], [IsUpdated], [FormNumber], [LeaseExpiryDate]) VALUES (50162, CAST(N'2010-08-14T08:58:26.090' AS DateTime), CAST(N'2010-08-14T08:58:26.090' AS DateTime), 161511, 50161, NULL, NULL, 65931, NULL, NULL, NULL, NULL, NULL, NULL, NULL, NULL, NULL, NULL, NULL, NULL, NULL, NULL, NULL, NULL, NULL, NULL, NULL, NULL, NULL, NULL, NULL, NULL, NULL, NULL, NULL, NULL, NULL, NULL, NULL, NULL, NULL, NULL, NULL)

INSERT [dbo].[SecurityPropertyDetails] ([OID], [Datecreated], [Version], [SecurityGeneralOID], [SecurityHeritableOID], [SecurityHASOID], [PropertyTypeOID], [AddressOID], [AgriPercent], [StudentAccPercent], [CommRetailPercent], [CommOfficePercent], [CommIndustrialPercent], [CommNursingHomePercent], [CommHotelPercent], [ResidentialPercent], [TotalPercent], [PercentOwned], [SchemeTypeOID], [PropertyLocationOID], [PropertyStatusOID], [DemolitionDate], [RTBDeedRecdDate], [SoldRTBDate], [RTBFundRecdDate], [PropertyManagedBy], [UPRNCode], [Comments], [IsIndexationInEffect], [FairMarketIndexationValue], [FairMarketIndexationDate], [GrantorSignedDate], [SecurityMadeAvailableDate], [RegistrationDate], [HeritableChargeTypeOID], [OtherHeritableCharge], [PropPartOfLSVT], [LiveRecOID], [DraftModifiedColumns], [DeleteAction], [IsUpdated], [FormNumber], [LeaseExpiryDate]) VALUES (65344, CAST(N'2010-10-07T13:20:28.973' AS DateTime), CAST(N'2011-04-21T11:18:30.940' AS DateTime), 178175, 65340, NULL, 1, 86790, CAST(0.00 AS Decimal(5, 2)), NULL, CAST(0.00 AS Decimal(5, 2)), CAST(0.00 AS Decimal(5, 2)), CAST(0.00 AS Decimal(5, 2)), CAST(0.00 AS Decimal(5, 2)), CAST(0.00 AS Decimal(5, 2)), CAST(100.00 AS Decimal(5, 2)), CAST(100.00 AS Decimal(5, 2)), NULL, NULL, NULL, 2, NULL, NULL, NULL, NULL, NULL, NULL, NULL, 0, CAST(200.0000000000 AS Decimal(38, 10)), CAST(N'2009-11-13T00:00:00.000' AS DateTime), NULL, NULL, NULL, NULL, NULL, NULL, NULL, NULL, NULL, NULL, NULL, NULL)


INSERT [dbo].[SecurityPropertyValuationDetails] ([OID], [Datecreated], [Version], [SecurityPropertyDetailsOID], [Valuation], [IsNexusValuation], [ValuationDate], [SourceOID], [OtherSource], [ValuationMethodOID], [OtherValuationMethod], [ValuerNameOID], [ValuerContactName], [ValuerQuoteReceived], [ValuerAmountInvoiced], [ValuerChargeDate], [IsSatisfactory], [DissatisfactionReasonOID], [OtherDissatisfactionReason], [IsCustomerFeePaid], [DraftModifiedColumns], [LiveRecOID], [SequenceNo], [ValuerContactDirectNumber], [AddressDetailsOID], [PersonalContactNumber], [ValuerBranchAddress], [ReasonForZeroValuationTypeOID], [SecurityOwnedAssetDetailsOID], [AssetResidualValueTypeOID], [IsResidualValuationGuaranteeInPlace], [LatestIndexationOID], [SourceOfIndexedValuation], [SourceOfIndexationDate], [IsInternalValuation]) VALUES (31209, CAST(N'2010-10-07T13:20:29.120' AS DateTime), CAST(N'2011-04-21T11:18:31.090' AS DateTime), 65344, CAST(200.00000 AS Decimal(38, 5)), 0, CAST(N'2009-11-13T00:00:00.000' AS DateTime), NULL, NULL, NULL, NULL, NULL, NULL, NULL, NULL, NULL, NULL, NULL, NULL, NULL, NULL, NULL, NULL, NULL, NULL, NULL, NULL, NULL, NULL, NULL, NULL, NULL, NULL, NULL, NULL)

INSERT [dbo].[SecurityPropertyValuationDetails] ([OID], [Datecreated], [Version], [SecurityPropertyDetailsOID], [Valuation], [IsNexusValuation], [ValuationDate], [SourceOID], [OtherSource], [ValuationMethodOID], [OtherValuationMethod], [ValuerNameOID], [ValuerContactName], [ValuerQuoteReceived], [ValuerAmountInvoiced], [ValuerChargeDate], [IsSatisfactory], [DissatisfactionReasonOID], [OtherDissatisfactionReason], [IsCustomerFeePaid], [DraftModifiedColumns], [LiveRecOID], [SequenceNo], [ValuerContactDirectNumber], [AddressDetailsOID], [PersonalContactNumber], [ValuerBranchAddress], [ReasonForZeroValuationTypeOID], [SecurityOwnedAssetDetailsOID], [AssetResidualValueTypeOID], [IsResidualValuationGuaranteeInPlace], [LatestIndexationOID], [SourceOfIndexedValuation], [SourceOfIndexationDate], [IsInternalValuation]) VALUES (133566, CAST(N'2010-10-07T13:20:28.973' AS DateTime), CAST(N'2011-04-21T11:18:30.940' AS DateTime), 65344, CAST(200.00000 AS Decimal(38, 5)), 1, CAST(N'2009-11-13T00:00:00.000' AS DateTime), 3, N'Release 5 Update - 11/10/2014', 3, NULL, NULL, NULL, NULL, NULL, NULL, NULL, NULL, NULL, NULL, NULL, NULL, NULL, NULL, NULL, NULL, NULL, NULL, NULL, NULL, NULL, NULL, NULL, NULL, 1)

