--113241 --> guarantee(without supporting col)
--148719 --> guarantee(with one supporting col)
--473235 --> guarantee(with two supporting col)
--161511 --> (Both property and Guarantee without otherchargedetails)
--178175 --> (Both property and Guarantee with otherchargedetails)
--465750 --> Owned asset details

--SecurityGeneral
INSERT [dbo].[SecurityGeneral]  VALUES (113241, CAST(N'2010-06-26T09:14:15.447' AS DateTime), CAST(N'2014-03-24T11:47:12.810' AS DateTime), 39845, NULL, N'Axiom Business Computers Limited', N'DAVID POLLOCK', 8, NULL, 1, 28, 1, 1, NULL, 5, N'<items><item  name="George Blair" value="2000548712"/></items>', CAST(N'2007-07-25T00:00:00.000' AS DateTime), NULL, CAST(N'2007-07-25T00:00:00.000' AS DateTime), NULL, 0, 3, NULL, NULL, NULL, NULL, NULL, NULL, NULL, 1, NULL, NULL, NULL, NULL, NULL, NULL, NULL, NULL, NULL, NULL, NULL, NULL, NULL, 1, NULL, NULL, NULL, NULL, NULL, NULL, CAST(N'2014-03-24T11:47:12.810' AS DateTime), NULL, 1, NULL, N'RTDOM\905893', 2, CAST(190.0000000000 AS Decimal(38, 10)), 1, CAST(75.0000000000 AS Decimal(38, 10)), N'Personal', NULL, NULL, 1, NULL, 0, NULL, 0, 3, CAST(190.0000000000 AS Decimal(38, 10)), 0, NULL, NULL);
INSERT [dbo].[SecurityGeneral]  VALUES (148719, CAST(N'2010-07-08T16:28:44.300' AS DateTime), CAST(N'2010-08-02T09:20:02.870' AS DateTime), 2001050658, NULL, NULL, NULL, 8, NULL, 2, 28, 1, 1, NULL, 5, N'<items><item  name="Eleanor Joy Black" value="2001050660"/></items>', CAST(N'2010-06-03T00:00:00.000' AS DateTime), NULL, CAST(N'2010-05-29T00:00:00.000' AS DateTime), CAST(N'2010-05-29T00:00:00.000' AS DateTime), 0, 3, NULL, NULL, NULL, NULL, NULL, NULL, NULL, 1, NULL, NULL, NULL, NULL, NULL, NULL, NULL, NULL, NULL, NULL, NULL, NULL, NULL, 1, NULL, NULL, NULL, NULL, NULL, NULL, CAST(N'2010-08-02T09:20:02.870' AS DateTime), NULL, NULL, NULL, N'RTDOM\356109', 2, CAST(30.0000000000 AS Decimal(38, 10)), 0, CAST(30.0000000000 AS Decimal(38, 10)), N'Personal With Supporting Collateral Id : 148718', NULL, NULL, 1, NULL, NULL, NULL, 0, 1, CAST(30.0000000000 AS Decimal(38, 10)), 0, NULL, NULL);
INSERT [dbo].[SecurityGeneral]  VALUES (473235, CAST(N'2018-10-24T12:40:54.610' AS DateTime), CAST(N'2019-01-03T12:33:18.830' AS DateTime), 2001495500, NULL, N'Halso UK Fuels Limited', NULL, 8, NULL, 1, 28, 2, 1, NULL, 5, N'<items><item  name="Mr Paul Andrew Osborn" value="2002621621"/><item  name="Emma Louise Osborn" value="2002890775"/></items>', CAST(N'2018-12-18T00:00:00.000' AS DateTime), NULL, CAST(N'2018-10-29T00:00:00.000' AS DateTime), NULL, 0, 3, NULL, NULL, NULL, NULL, NULL, NULL, NULL, 1, NULL, NULL, NULL, NULL, NULL, NULL, NULL, NULL, NULL, NULL, NULL, NULL, NULL, 1, NULL, NULL, NULL, NULL, NULL, NULL, CAST(N'2018-12-18T15:52:53.123' AS DateTime), NULL, NULL, NULL, N'GLOBAL\907455', 2, CAST(745.0000000000 AS Decimal(38, 10)), 0, CAST(700.0000000000 AS Decimal(38, 10)), N'Personal With Supporting Collateral Id : 475210, 475232', NULL, NULL, 2, NULL, 0, NULL, 0, 1, CAST(745.0000000000 AS Decimal(38, 10)), 0, NULL, NULL);
INSERT [dbo].[SecurityGeneral]  VALUES (161511, CAST(N'2010-08-14T08:58:26.090' AS DateTime), CAST(N'2012-04-04T16:34:11.117' AS DateTime), 2000471220, NULL, NULL, N'Craig McCallum', 8, NULL, 1, 28, 2, 1, NULL, 9, N'<items><item  name="Richard McDonald" value="2000471923"/><item  name="Susan McDonald" value="2000471924"/></items>', CAST(N'2004-03-08T00:00:00.000' AS DateTime), NULL, CAST(N'2004-03-08T00:00:00.000' AS DateTime), NULL, 0, 3, NULL, NULL, NULL, NULL, NULL, NULL, NULL, 1, NULL, NULL, NULL, NULL, NULL, NULL, NULL, NULL, NULL, NULL, NULL, NULL, NULL, 1, NULL, NULL, NULL, NULL, NULL, NULL, CAST(N'2012-04-04T16:34:11.117' AS DateTime), NULL, 1, NULL, N'RTDOM\83329', 2, CAST(50.0000000000 AS Decimal(38, 10)), 1, CAST(0.0000000000 AS Decimal(38, 10)), N'Personal', NULL, NULL, 1, NULL, NULL, NULL, 0, 3, CAST(50.0000000000 AS Decimal(38, 10)), 0, NULL, NULL);
INSERT [dbo].[SecurityGeneral]  VALUES (178175, CAST(N'2010-08-14T09:00:56.073' AS DateTime), CAST(N'2011-04-21T11:18:30.900' AS DateTime), 2000075286, NULL, NULL, N'CMS Team ', 16, NULL, 2, 28, 2, 1, NULL, 9, N'<items><item  name="Stephanie Wilson" value="2000828819"/></items>', CAST(N'2006-04-12T00:00:00.000' AS DateTime), NULL, CAST(N'2006-04-12T00:00:00.000' AS DateTime), NULL, 0, 3, NULL, NULL, NULL, NULL, NULL, NULL, NULL, 1, NULL, NULL, NULL, NULL, NULL, NULL, NULL, NULL, NULL, NULL, NULL, NULL, N'0', 1, NULL, NULL, NULL, NULL, NULL, NULL, CAST(N'2011-04-21T11:18:30.900' AS DateTime), NULL, 1, NULL, N'RTDOM\904080', 2, CAST(50.0000000000 AS Decimal(38, 10)), 1, CAST(200.0000000000 AS Decimal(38, 10)), N'Legal Charge ; 38 Parkgrove Drive, Edinburgh', NULL, NULL, 1, NULL, NULL, NULL, 0, 3, CAST(0.0000000000 AS Decimal(38, 10)), 0, NULL, NULL);
INSERT [dbo].[SecurityGeneral]  VALUES (465750, CAST(N'2018-02-27T16:01:25.833' AS DateTime), CAST(N'2020-06-05T09:57:26.377' AS DateTime), 1980002119, NULL, N'European Metal Recycling Limited', NULL, 2000000, NULL, NULL, 28, NULL, 1, NULL, 5, NULL, NULL, NULL, NULL, NULL, NULL, NULL, NULL, NULL, NULL, NULL, NULL, NULL, NULL, NULL, NULL, NULL, NULL, NULL, NULL, NULL, NULL, NULL, NULL, NULL, NULL, NULL, NULL, NULL, NULL, NULL, NULL, NULL, NULL, NULL, CAST(N'2018-02-28T07:18:38.170' AS DateTime), NULL, NULL, NULL, N'MARKETS\9146933', NULL, NULL, NULL, CAST(40.0000000000 AS Decimal(38, 10)), N'Commercial Vehicles', NULL, NULL, 1, NULL, NULL, NULL, 0, 1, CAST(40.0000000000 AS Decimal(38, 10)), 0, NULL, NULL);
--INSERT [dbo].[SecurityGeneral]  VALUES (465752, CAST(N'2018-02-27T16:02:59.303' AS DateTime), CAST(N'2020-06-05T09:53:17.617' AS DateTime), 1980002119, NULL, N'European Metal Recycling Limited', NULL, 2000000, NULL, NULL, 28, NULL, 1, NULL, 5, NULL, NULL, NULL, NULL, NULL, NULL, NULL, NULL, NULL, NULL, NULL, NULL, NULL, NULL, NULL, NULL, NULL, NULL, NULL, NULL, NULL, NULL, NULL, NULL, NULL, NULL, NULL, NULL, NULL, NULL, NULL, NULL, NULL, NULL, NULL, CAST(N'2018-02-28T07:21:38.853' AS DateTime), NULL, NULL, NULL, N'MARKETS\9146933', NULL, NULL, NULL, CAST(87.5000000000 AS Decimal(38, 10)), N'Commercial Vehicles', NULL, NULL, 1, NULL, NULL, NULL, 0, 1, CAST(87.5000000000 AS Decimal(38, 10)), 0, NULL, NULL);
INSERT [dbo].[SecurityGeneral]  VALUES (381184, CAST(N'2014-02-25T10:20:32.233' AS DateTime), CAST(N'2019-12-10T19:54:57.967' AS DateTime), 489276, NULL, N'Lifestyle Property Leasing Limited', N'Aberdeen RST AM Team ', 16, NULL, 1, 28, 1, 1, NULL, 5, N'<items><item  name="Lifestyle Property Leasing Limited" value="489276"/></items>', CAST(N'2014-02-20T00:00:00.000' AS DateTime), 0, CAST(N'2014-02-17T00:00:00.000' AS DateTime), CAST(N'2014-02-28T00:00:00.000' AS DateTime), 0, 3, NULL, NULL, NULL, NULL, NULL, NULL, NULL, 1, NULL, NULL, NULL, NULL, NULL, NULL, NULL, NULL, NULL, NULL, NULL, NULL, N'0', 1, NULL, NULL, NULL, NULL, NULL, NULL, CAST(N'2014-06-18T10:23:59.190' AS DateTime), NULL, NULL, NULL, N'GLOBAL\361117', 1, NULL, 0, CAST(133.7027657300 AS Decimal(38, 10)), N'Standard Security ; 7H Belmont Road,Aberdeen', NULL, NULL, 1, NULL, 0, 0, 0, 1, CAST(133.7027657300 AS Decimal(38, 10)), 0, NULL, NULL);


--SecurityGuarantee
INSERT [dbo].[SecurityGuarantee] VALUES (44371, CAST(N'2010-07-08T16:28:44.320' AS DateTime), CAST(N'2010-08-02T09:20:03.107' AS DateTime), NULL, 148719, 8, NULL, 3, 3, NULL, CAST(30.0000000000 AS Decimal(38, 10)), 0, NULL, 1, NULL);
INSERT [dbo].[SecurityGuarantee] VALUES (89230, CAST(N'2018-10-24T12:40:54.637' AS DateTime), CAST(N'2019-01-03T12:33:18.880' AS DateTime), NULL, 473235, 8, NULL, 3, 3, NULL, CAST(700.0000000000 AS Decimal(38, 10)), 0, NULL, 1, 1);
INSERT [dbo].[SecurityGuarantee] VALUES (65477, CAST(N'2011-07-29T15:09:56.053' AS DateTime), CAST(N'2012-04-04T16:34:11.150' AS DateTime), NULL, 161511, 8, NULL, 3, NULL, NULL, NULL, NULL, NULL, 0, NULL);
INSERT [dbo].[SecurityGuarantee] VALUES (51569, CAST(N'2010-08-14T09:00:56.073' AS DateTime), CAST(N'2010-08-14T09:00:56.073' AS DateTime), NULL, 178175, 14, NULL, NULL, 2, NULL, NULL, NULL, NULL, NULL, NULL);
INSERT [dbo].[SecurityGuarantee] VALUES (27238, CAST(N'2010-06-26T09:14:15.447' AS DateTime), CAST(N'2014-03-24T11:47:12.850' AS DateTime), NULL, 113241, 8, NULL, 3, 2, NULL, CAST(75.0000000000 AS Decimal(38, 10)), NULL, NULL, 0, NULL);

--SecuritySupportingCollateralSummary
INSERT [dbo].[SecuritySupportingCollateralSummary] ([OID], [Datecreated], [Version], [SecurityGuaranteeOID], [SecurityCounterIndemnityOID], [SupportingSecOID]) VALUES (24, CAST(N'2010-07-08T16:28:44.657' AS DateTime), CAST(N'2010-07-08T16:28:44.657' AS DateTime), 44371, NULL, 148718)

INSERT [dbo].[SecuritySupportingCollateralSummary] ([OID], [Datecreated], [Version], [SecurityGuaranteeOID], [SecurityCounterIndemnityOID], [SupportingSecOID]) VALUES (1946, CAST(N'2018-12-18T15:52:53.407' AS DateTime), CAST(N'2018-12-18T15:52:53.407' AS DateTime), 89230, NULL, 475210)

INSERT [dbo].[SecuritySupportingCollateralSummary] ([OID], [Datecreated], [Version], [SecurityGuaranteeOID], [SecurityCounterIndemnityOID], [SupportingSecOID]) VALUES (1947, CAST(N'2018-12-18T15:52:53.407' AS DateTime), CAST(N'2018-12-18T15:52:53.407' AS DateTime), 89230, NULL, 475232)

--SecurityPropertyDetails
INSERT [dbo].[SecurityPropertyDetails] ([OID], [Datecreated], [Version], [SecurityGeneralOID], [SecurityHeritableOID], [SecurityHASOID], [PropertyTypeOID], [AddressOID], [AgriPercent], [StudentAccPercent], [CommRetailPercent], [CommOfficePercent], [CommIndustrialPercent], [CommNursingHomePercent], [CommHotelPercent], [ResidentialPercent], [TotalPercent], [PercentOwned], [SchemeTypeOID], [PropertyLocationOID], [PropertyStatusOID], [DemolitionDate], [RTBDeedRecdDate], [SoldRTBDate], [RTBFundRecdDate], [PropertyManagedBy], [UPRNCode], [Comments], [IsIndexationInEffect], [FairMarketIndexationValue], [FairMarketIndexationDate], [GrantorSignedDate], [SecurityMadeAvailableDate], [RegistrationDate], [HeritableChargeTypeOID], [OtherHeritableCharge], [PropPartOfLSVT], [LiveRecOID], [DraftModifiedColumns], [DeleteAction], [IsUpdated], [FormNumber], [LeaseExpiryDate]) VALUES (50162, CAST(N'2010-08-14T08:58:26.090' AS DateTime), CAST(N'2010-08-14T08:58:26.090' AS DateTime), 161511, 50161, NULL, NULL, 65931, NULL, NULL, NULL, NULL, NULL, NULL, NULL, NULL, NULL, NULL, NULL, NULL, NULL, NULL, NULL, NULL, NULL, NULL, NULL, NULL, NULL, NULL, NULL, NULL, NULL, NULL, NULL, NULL, NULL, NULL, NULL, NULL, NULL, NULL, NULL)

INSERT [dbo].[SecurityPropertyDetails] ([OID], [Datecreated], [Version], [SecurityGeneralOID], [SecurityHeritableOID], [SecurityHASOID], [PropertyTypeOID], [AddressOID], [AgriPercent], [StudentAccPercent], [CommRetailPercent], [CommOfficePercent], [CommIndustrialPercent], [CommNursingHomePercent], [CommHotelPercent], [ResidentialPercent], [TotalPercent], [PercentOwned], [SchemeTypeOID], [PropertyLocationOID], [PropertyStatusOID], [DemolitionDate], [RTBDeedRecdDate], [SoldRTBDate], [RTBFundRecdDate], [PropertyManagedBy], [UPRNCode], [Comments], [IsIndexationInEffect], [FairMarketIndexationValue], [FairMarketIndexationDate], [GrantorSignedDate], [SecurityMadeAvailableDate], [RegistrationDate], [HeritableChargeTypeOID], [OtherHeritableCharge], [PropPartOfLSVT], [LiveRecOID], [DraftModifiedColumns], [DeleteAction], [IsUpdated], [FormNumber], [LeaseExpiryDate]) VALUES (65344, CAST(N'2010-10-07T13:20:28.973' AS DateTime), CAST(N'2011-04-21T11:18:30.940' AS DateTime), 178175, 65340, NULL, 1, 86790, CAST(0.00 AS Decimal(5, 2)), NULL, CAST(0.00 AS Decimal(5, 2)), CAST(0.00 AS Decimal(5, 2)), CAST(0.00 AS Decimal(5, 2)), CAST(0.00 AS Decimal(5, 2)), CAST(0.00 AS Decimal(5, 2)), CAST(100.00 AS Decimal(5, 2)), CAST(100.00 AS Decimal(5, 2)), NULL, NULL, NULL, 2, NULL, NULL, NULL, NULL, NULL, NULL, NULL, 0, CAST(200.0000000000 AS Decimal(38, 10)), CAST(N'2009-11-13T00:00:00.000' AS DateTime), NULL, NULL, NULL, NULL, NULL, NULL, NULL, NULL, NULL, NULL, NULL, NULL)

INSERT [dbo].[SecurityPropertyDetails] ([OID], [Datecreated], [Version], [SecurityGeneralOID], [SecurityHeritableOID], [SecurityHASOID], [PropertyTypeOID], [AddressOID], [AgriPercent], [StudentAccPercent], [CommRetailPercent], [CommOfficePercent], [CommIndustrialPercent], [CommNursingHomePercent], [CommHotelPercent], [ResidentialPercent], [TotalPercent], [PercentOwned], [SchemeTypeOID], [PropertyLocationOID], [PropertyStatusOID], [DemolitionDate], [RTBDeedRecdDate], [SoldRTBDate], [RTBFundRecdDate], [PropertyManagedBy], [UPRNCode], [Comments], [IsIndexationInEffect], [FairMarketIndexationValue], [FairMarketIndexationDate], [GrantorSignedDate], [SecurityMadeAvailableDate], [RegistrationDate], [HeritableChargeTypeOID], [OtherHeritableCharge], [PropPartOfLSVT], [LiveRecOID], [DraftModifiedColumns], [DeleteAction], [IsUpdated], [FormNumber], [LeaseExpiryDate]) VALUES (144976, CAST(N'2014-02-25T10:20:32.283' AS DateTime), CAST(N'2019-12-10T19:54:57.967' AS DateTime), 381184, 134269, NULL, 1, 328874, CAST(0.00 AS Decimal(5, 2)), NULL, CAST(0.00 AS Decimal(5, 2)), CAST(0.00 AS Decimal(5, 2)), CAST(0.00 AS Decimal(5, 2)), CAST(0.00 AS Decimal(5, 2)), CAST(0.00 AS Decimal(5, 2)), CAST(100.00 AS Decimal(5, 2)), CAST(100.00 AS Decimal(5, 2)), NULL, NULL, 1, 1, NULL, NULL, NULL, NULL, NULL, NULL, NULL, 1, CAST(133.7027657300 AS Decimal(38, 10)), CAST(N'2019-06-30T23:59:59.000' AS DateTime), NULL, NULL, NULL, NULL, NULL, NULL, NULL, NULL, NULL, NULL, NULL, NULL)


--SecurityPropertyValuationDetails
INSERT [dbo].[SecurityPropertyValuationDetails] ([OID], [Datecreated], [Version], [SecurityPropertyDetailsOID], [Valuation], [IsNexusValuation], [ValuationDate], [SourceOID], [OtherSource], [ValuationMethodOID], [OtherValuationMethod], [ValuerNameOID], [ValuerContactName], [ValuerQuoteReceived], [ValuerAmountInvoiced], [ValuerChargeDate], [IsSatisfactory], [DissatisfactionReasonOID], [OtherDissatisfactionReason], [IsCustomerFeePaid], [DraftModifiedColumns], [LiveRecOID], [SequenceNo], [ValuerContactDirectNumber], [AddressDetailsOID], [PersonalContactNumber], [ValuerBranchAddress], [ReasonForZeroValuationTypeOID], [SecurityOwnedAssetDetailsOID], [AssetResidualValueTypeOID], [IsResidualValuationGuaranteeInPlace], [LatestIndexationOID], [SourceOfIndexedValuation], [SourceOfIndexationDate], [IsInternalValuation]) VALUES (31209, CAST(N'2010-10-07T13:20:29.120' AS DateTime), CAST(N'2011-04-21T11:18:31.090' AS DateTime), 65344, CAST(200.00000 AS Decimal(38, 5)), 0, CAST(N'2009-11-13T00:00:00.000' AS DateTime), NULL, NULL, NULL, NULL, NULL, NULL, NULL, NULL, NULL, NULL, NULL, NULL, NULL, NULL, NULL, NULL, NULL, NULL, NULL, NULL, NULL, NULL, NULL, NULL, NULL, NULL, NULL, NULL)
INSERT [dbo].[SecurityPropertyValuationDetails] ([OID], [Datecreated], [Version], [SecurityPropertyDetailsOID], [Valuation], [IsNexusValuation], [ValuationDate], [SourceOID], [OtherSource], [ValuationMethodOID], [OtherValuationMethod], [ValuerNameOID], [ValuerContactName], [ValuerQuoteReceived], [ValuerAmountInvoiced], [ValuerChargeDate], [IsSatisfactory], [DissatisfactionReasonOID], [OtherDissatisfactionReason], [IsCustomerFeePaid], [DraftModifiedColumns], [LiveRecOID], [SequenceNo], [ValuerContactDirectNumber], [AddressDetailsOID], [PersonalContactNumber], [ValuerBranchAddress], [ReasonForZeroValuationTypeOID], [SecurityOwnedAssetDetailsOID], [AssetResidualValueTypeOID], [IsResidualValuationGuaranteeInPlace], [LatestIndexationOID], [SourceOfIndexedValuation], [SourceOfIndexationDate], [IsInternalValuation]) VALUES (133566, CAST(N'2010-10-07T13:20:28.973' AS DateTime), CAST(N'2011-04-21T11:18:30.940' AS DateTime), 65344, CAST(200.00000 AS Decimal(38, 5)), 1, CAST(N'2009-11-13T00:00:00.000' AS DateTime), 3, N'Release 5 Update - 11/10/2014', 3, NULL, NULL, NULL, NULL, NULL, NULL, NULL, NULL, NULL, NULL, NULL, NULL, NULL, NULL, NULL, NULL, NULL, NULL, NULL, NULL, NULL, NULL, NULL, NULL, 1)
INSERT [dbo].[SecurityPropertyValuationDetails] ([OID], [Datecreated], [Version], [SecurityPropertyDetailsOID], [Valuation], [IsNexusValuation], [ValuationDate], [SourceOID], [OtherSource], [ValuationMethodOID], [OtherValuationMethod], [ValuerNameOID], [ValuerContactName], [ValuerQuoteReceived], [ValuerAmountInvoiced], [ValuerChargeDate], [IsSatisfactory], [DissatisfactionReasonOID], [OtherDissatisfactionReason], [IsCustomerFeePaid], [DraftModifiedColumns], [LiveRecOID], [SequenceNo], [ValuerContactDirectNumber], [AddressDetailsOID], [PersonalContactNumber], [ValuerBranchAddress], [ReasonForZeroValuationTypeOID], [SecurityOwnedAssetDetailsOID], [AssetResidualValueTypeOID], [IsResidualValuationGuaranteeInPlace], [LatestIndexationOID], [SourceOfIndexedValuation], [SourceOfIndexationDate], [IsInternalValuation]) VALUES (94466, CAST(N'2014-02-25T10:29:50.560' AS DateTime), CAST(N'2018-11-17T11:45:42.370' AS DateTime), 144976, CAST(100.00000 AS Decimal(38, 5)), 0, CAST(N'2013-11-27T00:00:00.000' AS DateTime), 1, NULL, 3, NULL, 30, N'Felicity Forbes-Davidson', CAST(0.1000000000 AS Decimal(38, 10)), NULL, NULL, 1, NULL, NULL, 1, NULL, NULL, NULL, NULL, 328878, NULL, NULL, NULL, NULL, NULL, NULL, 284457, NULL, NULL, NULL)
INSERT [dbo].[SecurityPropertyValuationDetails] ([OID], [Datecreated], [Version], [SecurityPropertyDetailsOID], [Valuation], [IsNexusValuation], [ValuationDate], [SourceOID], [OtherSource], [ValuationMethodOID], [OtherValuationMethod], [ValuerNameOID], [ValuerContactName], [ValuerQuoteReceived], [ValuerAmountInvoiced], [ValuerChargeDate], [IsSatisfactory], [DissatisfactionReasonOID], [OtherDissatisfactionReason], [IsCustomerFeePaid], [DraftModifiedColumns], [LiveRecOID], [SequenceNo], [ValuerContactDirectNumber], [AddressDetailsOID], [PersonalContactNumber], [ValuerBranchAddress], [ReasonForZeroValuationTypeOID], [SecurityOwnedAssetDetailsOID], [AssetResidualValueTypeOID], [IsResidualValuationGuaranteeInPlace], [LatestIndexationOID], [SourceOfIndexedValuation], [SourceOfIndexationDate], [IsInternalValuation]) VALUES (164818, CAST(N'2014-02-25T10:20:32.283' AS DateTime), CAST(N'2020-03-21T09:01:13.763' AS DateTime), 144976, CAST(109.14900 AS Decimal(38, 5)), 0, CAST(N'2014-06-30T23:59:59.000' AS DateTime), 6, N'Release 5 Update - 11/10/2014', 17, NULL, NULL, NULL, NULL, NULL, NULL, NULL, NULL, NULL, NULL, NULL, NULL, NULL, NULL, NULL, NULL, NULL, NULL, NULL, NULL, NULL, NULL, NULL, NULL, NULL)
INSERT [dbo].[SecurityPropertyValuationDetails] ([OID], [Datecreated], [Version], [SecurityPropertyDetailsOID], [Valuation], [IsNexusValuation], [ValuationDate], [SourceOID], [OtherSource], [ValuationMethodOID], [OtherValuationMethod], [ValuerNameOID], [ValuerContactName], [ValuerQuoteReceived], [ValuerAmountInvoiced], [ValuerChargeDate], [IsSatisfactory], [DissatisfactionReasonOID], [OtherDissatisfactionReason], [IsCustomerFeePaid], [DraftModifiedColumns], [LiveRecOID], [SequenceNo], [ValuerContactDirectNumber], [AddressDetailsOID], [PersonalContactNumber], [ValuerBranchAddress], [ReasonForZeroValuationTypeOID], [SecurityOwnedAssetDetailsOID], [AssetResidualValueTypeOID], [IsResidualValuationGuaranteeInPlace], [LatestIndexationOID], [SourceOfIndexedValuation], [SourceOfIndexationDate], [IsInternalValuation]) VALUES (196102, CAST(N'2015-09-01T20:05:42.000' AS DateTime), CAST(N'2020-03-21T09:01:13.763' AS DateTime), 144976, CAST(122.50400 AS Decimal(38, 5)), 0, CAST(N'2015-06-30T23:59:59.000' AS DateTime), 6, N'Release 5 Update - 01/09/2015', 17, NULL, NULL, NULL, NULL, NULL, NULL, NULL, NULL, NULL, NULL, NULL, NULL, NULL, NULL, NULL, NULL, NULL, NULL, NULL, NULL, NULL, NULL, NULL, NULL, NULL)
INSERT [dbo].[SecurityPropertyValuationDetails] ([OID], [Datecreated], [Version], [SecurityPropertyDetailsOID], [Valuation], [IsNexusValuation], [ValuationDate], [SourceOID], [OtherSource], [ValuationMethodOID], [OtherValuationMethod], [ValuerNameOID], [ValuerContactName], [ValuerQuoteReceived], [ValuerAmountInvoiced], [ValuerChargeDate], [IsSatisfactory], [DissatisfactionReasonOID], [OtherDissatisfactionReason], [IsCustomerFeePaid], [DraftModifiedColumns], [LiveRecOID], [SequenceNo], [ValuerContactDirectNumber], [AddressDetailsOID], [PersonalContactNumber], [ValuerBranchAddress], [ReasonForZeroValuationTypeOID], [SecurityOwnedAssetDetailsOID], [AssetResidualValueTypeOID], [IsResidualValuationGuaranteeInPlace], [LatestIndexationOID], [SourceOfIndexedValuation], [SourceOfIndexationDate], [IsInternalValuation]) VALUES (238979, CAST(N'2017-04-08T21:02:15.217' AS DateTime), CAST(N'2020-03-21T09:01:13.763' AS DateTime), 144976, CAST(120.53400 AS Decimal(38, 5)), 0, CAST(N'2016-06-30T23:59:59.000' AS DateTime), 6, N'Release 5 Update - 08/04/2017', 17, NULL, NULL, NULL, NULL, NULL, NULL, NULL, NULL, NULL, NULL, NULL, NULL, NULL, NULL, NULL, NULL, NULL, NULL, NULL, NULL, NULL, NULL, NULL, NULL, NULL)
INSERT [dbo].[SecurityPropertyValuationDetails] ([OID], [Datecreated], [Version], [SecurityPropertyDetailsOID], [Valuation], [IsNexusValuation], [ValuationDate], [SourceOID], [OtherSource], [ValuationMethodOID], [OtherValuationMethod], [ValuerNameOID], [ValuerContactName], [ValuerQuoteReceived], [ValuerAmountInvoiced], [ValuerChargeDate], [IsSatisfactory], [DissatisfactionReasonOID], [OtherDissatisfactionReason], [IsCustomerFeePaid], [DraftModifiedColumns], [LiveRecOID], [SequenceNo], [ValuerContactDirectNumber], [AddressDetailsOID], [PersonalContactNumber], [ValuerBranchAddress], [ReasonForZeroValuationTypeOID], [SecurityOwnedAssetDetailsOID], [AssetResidualValueTypeOID], [IsResidualValuationGuaranteeInPlace], [LatestIndexationOID], [SourceOfIndexedValuation], [SourceOfIndexationDate], [IsInternalValuation]) VALUES (257180, CAST(N'2017-10-07T11:34:26.483' AS DateTime), CAST(N'2020-03-21T09:01:13.763' AS DateTime), 144976, CAST(115.65900 AS Decimal(38, 5)), 0, CAST(N'2017-06-30T23:59:59.000' AS DateTime), 6, N'Indexation Update - 07/10/2017', 17, NULL, NULL, NULL, NULL, NULL, NULL, NULL, NULL, NULL, NULL, NULL, NULL, NULL, NULL, NULL, NULL, NULL, NULL, NULL, NULL, NULL, NULL, NULL, NULL, NULL)
INSERT [dbo].[SecurityPropertyValuationDetails] ([OID], [Datecreated], [Version], [SecurityPropertyDetailsOID], [Valuation], [IsNexusValuation], [ValuationDate], [SourceOID], [OtherSource], [ValuationMethodOID], [OtherValuationMethod], [ValuerNameOID], [ValuerContactName], [ValuerQuoteReceived], [ValuerAmountInvoiced], [ValuerChargeDate], [IsSatisfactory], [DissatisfactionReasonOID], [OtherDissatisfactionReason], [IsCustomerFeePaid], [DraftModifiedColumns], [LiveRecOID], [SequenceNo], [ValuerContactDirectNumber], [AddressDetailsOID], [PersonalContactNumber], [ValuerBranchAddress], [ReasonForZeroValuationTypeOID], [SecurityOwnedAssetDetailsOID], [AssetResidualValueTypeOID], [IsResidualValuationGuaranteeInPlace], [LatestIndexationOID], [SourceOfIndexedValuation], [SourceOfIndexationDate], [IsInternalValuation]) VALUES (269335, CAST(N'2018-05-23T14:30:29.537' AS DateTime), CAST(N'2018-05-23T14:32:44.363' AS DateTime), 144976, CAST(0.00000 AS Decimal(38, 5)), 0, NULL, NULL, NULL, NULL, NULL, NULL, N'', NULL, NULL, NULL, NULL, NULL, NULL, NULL, NULL, NULL, NULL, NULL, 508714, NULL, NULL, 4, NULL, NULL, NULL, NULL, NULL, NULL, NULL)
INSERT [dbo].[SecurityPropertyValuationDetails] ([OID], [Datecreated], [Version], [SecurityPropertyDetailsOID], [Valuation], [IsNexusValuation], [ValuationDate], [SourceOID], [OtherSource], [ValuationMethodOID], [OtherValuationMethod], [ValuerNameOID], [ValuerContactName], [ValuerQuoteReceived], [ValuerAmountInvoiced], [ValuerChargeDate], [IsSatisfactory], [DissatisfactionReasonOID], [OtherDissatisfactionReason], [IsCustomerFeePaid], [DraftModifiedColumns], [LiveRecOID], [SequenceNo], [ValuerContactDirectNumber], [AddressDetailsOID], [PersonalContactNumber], [ValuerBranchAddress], [ReasonForZeroValuationTypeOID], [SecurityOwnedAssetDetailsOID], [AssetResidualValueTypeOID], [IsResidualValuationGuaranteeInPlace], [LatestIndexationOID], [SourceOfIndexedValuation], [SourceOfIndexationDate], [IsInternalValuation]) VALUES (284457, CAST(N'2018-11-17T11:45:42.370' AS DateTime), CAST(N'2020-03-21T09:01:13.763' AS DateTime), 144976, CAST(119.69610 AS Decimal(38, 5)), 0, CAST(N'2018-06-30T23:59:59.000' AS DateTime), 6, N'Release 5 Update - 17/11/2018', 17, NULL, NULL, NULL, NULL, NULL, NULL, NULL, NULL, NULL, NULL, NULL, NULL, NULL, NULL, NULL, NULL, NULL, NULL, NULL, NULL, NULL, NULL, CAST(100.00000 AS Decimal(38, 5)), CAST(N'2013-11-27T00:00:00.000' AS DateTime), NULL)
INSERT [dbo].[SecurityPropertyValuationDetails] ([OID], [Datecreated], [Version], [SecurityPropertyDetailsOID], [Valuation], [IsNexusValuation], [ValuationDate], [SourceOID], [OtherSource], [ValuationMethodOID], [OtherValuationMethod], [ValuerNameOID], [ValuerContactName], [ValuerQuoteReceived], [ValuerAmountInvoiced], [ValuerChargeDate], [IsSatisfactory], [DissatisfactionReasonOID], [OtherDissatisfactionReason], [IsCustomerFeePaid], [DraftModifiedColumns], [LiveRecOID], [SequenceNo], [ValuerContactDirectNumber], [AddressDetailsOID], [PersonalContactNumber], [ValuerBranchAddress], [ReasonForZeroValuationTypeOID], [SecurityOwnedAssetDetailsOID], [AssetResidualValueTypeOID], [IsResidualValuationGuaranteeInPlace], [LatestIndexationOID], [SourceOfIndexedValuation], [SourceOfIndexationDate], [IsInternalValuation]) VALUES (307683, CAST(N'2019-12-10T19:54:57.967' AS DateTime), CAST(N'2020-03-21T09:01:13.763' AS DateTime), 144976, CAST(133.70277 AS Decimal(38, 5)), 1, CAST(N'2019-06-30T23:59:59.000' AS DateTime), 6, N'Release 5 Update - 10/12/2019', 17, NULL, NULL, NULL, NULL, NULL, NULL, NULL, NULL, NULL, NULL, NULL, NULL, NULL, NULL, NULL, NULL, NULL, NULL, NULL, NULL, NULL, NULL, CAST(100.00000 AS Decimal(38, 5)), CAST(N'2013-11-27T00:00:00.000' AS DateTime), 1)


--SecurityOtherChargeDetails
INSERT [dbo].[SecurityOtherChargeDetails] ([OID], [Datecreated], [Version], [SecurityGeneralOID], [LiveRecOID], [SecurityPropertyDetailsOID], [OrderNumber], [Amount], [NexusPartyTypeOID], [PartyNameLegalEntityID], [PartyName], [EndDateTypeOID], [SpecificDate], [Details], [FormNumber], [RankingCoversTypeOID]) VALUES (1, CAST(N'2010-06-15T12:55:17.023' AS DateTime), CAST(N'2018-05-02T08:08:09.200' AS DateTime), 3726, NULL, NULL, 1, CAST(109.5880000000 AS Decimal(38, 10)), 2, 563939, N'Halifax Group Limited', 1, NULL, NULL, NULL, NULL)
INSERT [dbo].[SecurityOtherChargeDetails] ([OID], [Datecreated], [Version], [SecurityGeneralOID], [LiveRecOID], [SecurityPropertyDetailsOID], [OrderNumber], [Amount], [NexusPartyTypeOID], [PartyNameLegalEntityID], [PartyName], [EndDateTypeOID], [SpecificDate], [Details], [FormNumber], [RankingCoversTypeOID]) VALUES (2, CAST(N'2010-06-16T11:52:50.220' AS DateTime), CAST(N'2010-09-15T13:35:29.120' AS DateTime), 3822, NULL, NULL, 1, CAST(384.0000000000 AS Decimal(38, 10)), 2, 126951, N'Standard Life Bank PLC', 1, NULL, NULL, NULL, NULL)
INSERT [dbo].[SecurityOtherChargeDetails] ([OID], [Datecreated], [Version], [SecurityGeneralOID], [LiveRecOID], [SecurityPropertyDetailsOID], [OrderNumber], [Amount], [NexusPartyTypeOID], [PartyNameLegalEntityID], [PartyName], [EndDateTypeOID], [SpecificDate], [Details], [FormNumber], [RankingCoversTypeOID]) VALUES (1855, CAST(N'2010-10-07T13:20:28.900' AS DateTime), CAST(N'2011-04-21T11:18:30.917' AS DateTime), 178175, NULL, NULL, 1, CAST(90.0000000000 AS Decimal(38, 10)), 2, 2000128779, NULL, 1, NULL, NULL, NULL, NULL)
INSERT [dbo].[SecurityOtherChargeDetails] ([OID], [Datecreated], [Version], [SecurityGeneralOID], [LiveRecOID], [SecurityPropertyDetailsOID], [OrderNumber], [Amount], [NexusPartyTypeOID], [PartyNameLegalEntityID], [PartyName], [EndDateTypeOID], [SpecificDate], [Details], [FormNumber], [RankingCoversTypeOID]) VALUES (1856, CAST(N'2010-10-07T13:20:28.900' AS DateTime), CAST(N'2011-04-21T11:18:30.917' AS DateTime), 178175, NULL, NULL, 2, CAST(110.0000000000 AS Decimal(38, 10)), 1, NULL, NULL, 1, NULL, NULL, NULL, NULL)

--SecurityOwnedAssetDetails
INSERT [dbo].[SecurityOwnedAssetDetails] ([OID], [Datecreated], [Version], [SecurityGeneralOID], [LiveRecOID], [AssetTypeOID], [AssetSubTypeOID], [FilenetRefNo], [AssetRefID], [LocationofAssetOID], [AssetOwnershipTypeOID], [IsMutipleAsset], [NumberOfAsset], [AssetDescription], [BankingLicenceOID]) VALUES (355, CAST(N'2018-02-27T16:01:25.840' AS DateTime), CAST(N'2020-06-05T09:57:26.390' AS DateTime), 465750, NULL, 2000009, 22, N'CF2367-001', NULL, 78, 3, 1, 2, N'2 x DAF Euro 6 XF460 FTG Space Cab tractor unit (17 plate)', 14)
--INSERT [dbo].[SecurityOwnedAssetDetails] ([OID], [Datecreated], [Version], [SecurityGeneralOID], [LiveRecOID], [AssetTypeOID], [AssetSubTypeOID], [FilenetRefNo], [AssetRefID], [LocationofAssetOID], [AssetOwnershipTypeOID], [IsMutipleAsset], [NumberOfAsset], [AssetDescription], [BankingLicenceOID]) VALUES (357, CAST(N'2018-02-27T16:02:59.310' AS DateTime), CAST(N'2020-06-05T09:53:17.633' AS DateTime), 465752, NULL, 2000009, 22, N'CF2274/001', N'Commercial vehicles', 78, 3, 1, 2, N'2 x Scania P370 CB 8x4 MNZ hookloaders &  2 x Scania P250 DB 4x2 MNA skiploaders (16 plate)', 14)

--SecurityAddressDetails
INSERT [dbo].[SecurityAddressDetails] ([OID], [Datecreated], [Version], [ContactName], [OfficeName], [PropertyName], [Street], [Town], [PostCode], [Region], [CountryOID], [InternalMailNo]) VALUES (328878, CAST(N'2011-02-02T14:27:23.290' AS DateTime), CAST(N'2011-02-02T14:27:23.290' AS DateTime), 'No contact', NULL, NULL, 'Bath Street', 'Glasgow', 'G2 4TB', 14, 223, NULL)
INSERT [dbo].[SecurityAddressDetails] ([OID], [Datecreated], [Version], [ContactName], [OfficeName], [PropertyName], [Street], [Town], [PostCode], [Region], [CountryOID], [InternalMailNo]) VALUES (508714, CAST(N'2011-10-18T17:19:47.850' AS DateTime), CAST(N'2011-11-10T16:42:41.873' AS DateTime), 'n/a', NULL, NULL, 'Lothian Road', 'Edinburgh', 'EH3 9WJ', 14, 223, NULL)


--SecurityHeritableDetails
INSERT [dbo].[SecurityHeritableDetails] ([OID], [Datecreated], [Version], [LiveRecOID], [SecurityGeneralOID], [HeritableChargeTypeOID], [OtherHeritableCharge], [IsPropertyDetailSubjectToConfirmation], [IsPartnerConsentRequired], [HasPartnetConsentObtained], [IsGovtRegulatoryConsentReqd], [HasGovtRegulatoryConsentObtained]) VALUES (50161, CAST(N'2010-08-14T08:58:26.090' AS DateTime), CAST(N'2010-08-14T08:58:26.090' AS DateTime), NULL, 161511, 1, NULL, 0, 0, NULL, 0, NULL)
INSERT [dbo].[SecurityHeritableDetails] ([OID], [Datecreated], [Version], [LiveRecOID], [SecurityGeneralOID], [HeritableChargeTypeOID], [OtherHeritableCharge], [IsPropertyDetailSubjectToConfirmation], [IsPartnerConsentRequired], [HasPartnetConsentObtained], [IsGovtRegulatoryConsentReqd], [HasGovtRegulatoryConsentObtained]) VALUES (65340, CAST(N'2010-10-07T13:20:28.967' AS DateTime), CAST(N'2011-04-21T11:18:30.933' AS DateTime), NULL, 178175, 1, NULL, 0, 0, NULL, 0, NULL)
INSERT [dbo].[SecurityHeritableDetails] ([OID], [Datecreated], [Version], [LiveRecOID], [SecurityGeneralOID], [HeritableChargeTypeOID], [OtherHeritableCharge], [IsPropertyDetailSubjectToConfirmation], [IsPartnerConsentRequired], [HasPartnetConsentObtained], [IsGovtRegulatoryConsentReqd], [HasGovtRegulatoryConsentObtained]) VALUES (134269, CAST(N'2014-02-25T10:20:32.277' AS DateTime), CAST(N'2018-05-23T14:32:44.167' AS DateTime), NULL, 381184, 2, NULL, 0, 0, NULL, 0, NULL)



Schema 
Collateral
Field Name 
ProvidingCustomerID
CollateralID 
CollateralProductSourceSystem
CollateralTypeID
CollateralProductSubTypeID
CollateralStatus
CollateralProductPropertyTenureTypeID
COMM_BENEFIT
REDUCING_SUM
WAS_ILA_TAKEN
FINANCIAL_ASSISTANCE
HAS_SUPPORTING_COLLATERAL
ESTIMATEDCURRVALUE
ASSET_REF_ID
ASSET_LOCATION
IS_MULTIPLE_ASSETS
ASSET_DESCRIPTION
OWNERSHIP_TYPE
NUMBER_OF_ASSET
CollateralCharge
CollateralCharge.ChargeTypeID
CollateralCharge.ChargeOrderID
CollateralCharge.ChargeHolderID
CollateralCharge.ChargeValue
CollateralValuation
CollateralValuation.TypeID
CollateralValuation.SourceID
CollateralValuation.ValuerNameID
CollateralValuation.Valuation
CollateralValuation.Valuation_currency
CollateralValuation.Valuationdate
CollateralValuation.GrossValuationActualDate
CollateralValuation.GrossValuationRecordDate
CollateralProductUse
CollateralProductUse.MainType
CollateralProductUse.SubType
CommercialProductUse.UsagePercent

