<?xml version = '1.0' encoding = 'UTF-8'?>
<relationalModel class="oracle.dbtools.crest.model.design.relational.RelationalDesign" name="COLLATERAL" id="A2162BC6-A67D-8653-B1D1-43F7994939C7" mainViewID="C0F79A05-0F6F-2978-8F68-7E44242900F5">
<createdBy>5585567</createdBy>
<createdTime>2022-08-18 14:33:10 UTC</createdTime>
<ownerDesignName>Credit_Facilities_Limits_DP_DM</ownerDesignName>
<shouldBeOpen>true</shouldBeOpen>
<selectedRDBMSSite>32076570-2523-435C-2E92-BF29817DFF70</selectedRDBMSSite>
</relationalModel>