<?xml version = '1.0' encoding = 'UTF-8'?>
<Diagram class="oracle.dbtools.crest.swingui.relational.DPVRelational" name="COLLATERAL" id="C0F79A05-0F6F-2978-8F68-7E44242900F5">
<createdBy>5585567</createdBy>
<modifiedBy>5585567</modifiedBy>
<createdTime>2022-08-18 14:33:11 UTC</createdTime>
<autoRoute>false</autoRoute>
<boxInbox>true</boxInbox>
<showLegend>false</showLegend>
<showLabels>false</showLabels>
<showRelAttributes>false</showRelAttributes>
<gridEnabled>false</gridEnabled>
<showGrid>false</showGrid>
<diagramColor>-1</diagramColor>
<display>false</display>
<notation>1</notation>
<objectViews>
<OView class="oracle.dbtools.crest.swingui.relational.TVTable" oid="0ED936C1-9297-ABFD-3BD3-8D48C9531C40" otype="Table" vid="85FA630F-F104-87F3-3048-1A5A472F1BF5">
<hideElementsInCurrentOnly>false</hideElementsInCurrentOnly>
<bounds x="351" y="690" width="283" height="121"/>
<useDefaultColor>false</useDefaultColor>
<backgroundColor>-26215</backgroundColor>
<foregroundColor>-16776961</foregroundColor>
</OView>
<OView class="oracle.dbtools.crest.swingui.relational.TVTable" oid="106D7C25-F486-501D-0103-DFDF88A1D9EC" otype="Table" vid="620EE741-D2DE-84BE-3189-585996E31C36">
<hideElementsInCurrentOnly>false</hideElementsInCurrentOnly>
<bounds x="0" y="834" width="306" height="115"/>
<useDefaultColor>false</useDefaultColor>
<backgroundColor>-26215</backgroundColor>
<foregroundColor>-16776961</foregroundColor>
</OView>
<OView class="oracle.dbtools.crest.swingui.relational.TVTable" oid="11317137-128B-38FB-1445-FD0DE9E6F4E8" otype="Table" vid="E9EE6884-327F-74D3-5534-DC73180533B9">
<hideElementsInCurrentOnly>false</hideElementsInCurrentOnly>
<bounds x="982" y="1259" width="256" height="106"/>
<useDefaultColor>false</useDefaultColor>
<backgroundColor>-10053121</backgroundColor>
<foregroundColor>-16776961</foregroundColor>
</OView>
<OView class="oracle.dbtools.crest.swingui.relational.TVTable" oid="2EBAC43B-7F1F-8D5B-21C0-61DECC794FCE" otype="Table" vid="FC56AA3B-B94E-066C-69A5-D016B0EA35CA">
<hideElementsInCurrentOnly>false</hideElementsInCurrentOnly>
<bounds x="361" y="1339" width="343" height="100"/>
<useDefaultColor>false</useDefaultColor>
<backgroundColor>-3355444</backgroundColor>
<foregroundColor>-16776961</foregroundColor>
</OView>
<OView class="oracle.dbtools.crest.swingui.relational.TVTable" oid="3381E040-D65C-44AD-3709-B8AD372ED7DD" otype="Table" vid="B5C3A6DB-F1AA-04BB-0A69-242D71C0B902">
<hideElementsInCurrentOnly>false</hideElementsInCurrentOnly>
<bounds x="351" y="1047" width="306" height="115"/>
<useDefaultColor>false</useDefaultColor>
<backgroundColor>-26215</backgroundColor>
<foregroundColor>-16776961</foregroundColor>
</OView>
<OView class="oracle.dbtools.crest.swingui.relational.TVTable" oid="448E04A5-DCDA-3AB6-FAC1-48E2CDCF7426" otype="Table" vid="899FE576-DF50-8FA2-14BD-D27DEC671568">
<hideElementsInCurrentOnly>false</hideElementsInCurrentOnly>
<bounds x="350" y="884" width="306" height="115"/>
<useDefaultColor>false</useDefaultColor>
<backgroundColor>-26215</backgroundColor>
<foregroundColor>-16776961</foregroundColor>
</OView>
<OView class="oracle.dbtools.crest.swingui.relational.TVTable" oid="4ADBF39D-1EFA-47CD-63A7-EC43EE351F4A" otype="Table" vid="38E5C9FA-1553-88AA-08FD-7157FBED9768">
<hideElementsInCurrentOnly>false</hideElementsInCurrentOnly>
<bounds x="1474" y="394" width="310" height="221"/>
</OView>
<OView class="oracle.dbtools.crest.swingui.relational.TVTable" oid="4DCCAF0D-C8E8-392F-6074-426A220DFDC6" otype="Table" vid="E44A5778-A6FB-B119-4499-3565CB473609">
<hideElementsInCurrentOnly>false</hideElementsInCurrentOnly>
<bounds x="1301" y="1247" width="256" height="106"/>
<useDefaultColor>false</useDefaultColor>
<backgroundColor>-10053121</backgroundColor>
<foregroundColor>-16776961</foregroundColor>
</OView>
<OView class="oracle.dbtools.crest.swingui.relational.TVTable" oid="5A65BD0B-4070-C957-B657-D4B3CC7536C8" otype="Table" vid="3E72475F-A681-9AAA-021C-E7485727A214">
<hideElementsInCurrentOnly>false</hideElementsInCurrentOnly>
<bounds x="1094" y="410" width="358" height="188"/>
</OView>
<OView class="oracle.dbtools.crest.swingui.TVNote" oid="628530AF-51B5-C6FE-49A0-84E0C5BDC55B" otype="Note" vid="D803C55A-4699-F13D-8F74-5B756F9A0A25">
<hideElementsInCurrentOnly>false</hideElementsInCurrentOnly>
<bounds x="83" y="30" width="481" height="233"/>
<useDefaultColor>false</useDefaultColor>
<backgroundColor>-1</backgroundColor>
<foregroundColor>-6710887</foregroundColor>
<comment>Credit_Facilities_Limits (Data Vault Model) -26th Sep 2022

May need to create PIT(Point in time snapshot) or Bridging (hub and link joined) tables to assist in downstream Information Marts or Denormalised consumption artefacts for DP Exposure.

KEY:

HUB Table - Blue
SATELITE Table - Yellow
LINK Table - Salmon Pink

Other DOMAIN Table - Grey
Static or Reference Table - Green


 </comment>
</OView>
<OView class="oracle.dbtools.crest.swingui.relational.TVTable" oid="74D6CB3C-676D-92F6-277A-D37DDB412770" otype="Table" vid="A46F532B-38F6-C44D-8E4B-8DF05FAD1AC3">
<hideElementsInCurrentOnly>false</hideElementsInCurrentOnly>
<bounds x="709" y="566" width="333" height="135"/>
<useDefaultColor>false</useDefaultColor>
<backgroundColor>-103</backgroundColor>
<foregroundColor>-16776961</foregroundColor>
</OView>
<OView class="oracle.dbtools.crest.swingui.relational.TVTable" oid="7C36F16F-3372-6EF7-D6D5-200F54D3EFE4" otype="Table" vid="1E6BB0C9-21A4-0553-9855-F1564B1365E5">
<hideElementsInCurrentOnly>false</hideElementsInCurrentOnly>
<bounds x="334" y="432" width="294" height="164"/>
<useDefaultColor>false</useDefaultColor>
<backgroundColor>-103</backgroundColor>
<foregroundColor>-16776961</foregroundColor>
</OView>
<OView class="oracle.dbtools.crest.swingui.relational.TVTable" oid="8C05B6FF-9A28-2B8B-1598-BF4D5E933399" otype="Table" vid="DAD1A437-11A3-463D-DFB5-7B7D91F16C94">
<hideElementsInCurrentOnly>false</hideElementsInCurrentOnly>
<bounds x="824" y="810" width="256" height="106"/>
<useDefaultColor>false</useDefaultColor>
<backgroundColor>-10053121</backgroundColor>
<foregroundColor>-16776961</foregroundColor>
</OView>
<OView class="oracle.dbtools.crest.swingui.relational.TVTable" oid="8C2EB9F5-0EB6-FDBA-B971-F15CFA3ED0BA" otype="Table" vid="4AC0E4A4-88FF-D457-7D5B-006C4F6A1777">
<hideElementsInCurrentOnly>false</hideElementsInCurrentOnly>
<bounds x="0" y="545" width="256" height="106"/>
<useDefaultColor>false</useDefaultColor>
<backgroundColor>-10053121</backgroundColor>
<foregroundColor>-16776961</foregroundColor>
</OView>
<OView class="oracle.dbtools.crest.swingui.relational.TVTable" oid="9D8D91AE-4961-826C-75CC-345C56FEA562" otype="Table" vid="7D62754C-1B3B-E52D-3B06-6413B84A5938">
<hideElementsInCurrentOnly>false</hideElementsInCurrentOnly>
<bounds x="1289" y="985" width="337" height="206"/>
</OView>
<OView class="oracle.dbtools.crest.swingui.relational.TVTable" oid="9FDB81D3-B140-A10C-4EF7-6925B9F4032D" otype="Table" vid="428E3D80-FF6F-2B98-3767-7490872DFBCC">
<hideElementsInCurrentOnly>false</hideElementsInCurrentOnly>
<bounds x="1283" y="1430" width="341" height="172"/>
</OView>
<OView class="oracle.dbtools.crest.swingui.relational.TVTable" oid="C41ECA2C-8A7D-BD75-D295-126E46C84B7A" otype="Table" vid="F59A78FC-6EF9-595D-4065-5D33974B004F">
<hideElementsInCurrentOnly>false</hideElementsInCurrentOnly>
<bounds x="1700" y="638" width="310" height="199"/>
</OView>
<OView class="oracle.dbtools.crest.swingui.relational.TVTable" oid="E82C2272-588A-2838-0712-E85D3327128F" otype="Table" vid="1C75DD82-DD90-72F0-6529-DA8604341BC7">
<hideElementsInCurrentOnly>false</hideElementsInCurrentOnly>
<bounds x="778" y="970" width="413" height="153"/>
<useDefaultColor>false</useDefaultColor>
<backgroundColor>-26215</backgroundColor>
<foregroundColor>-16776961</foregroundColor>
</OView>
<OView class="oracle.dbtools.crest.swingui.relational.TVTable" oid="EE5F5AD3-CCC1-0E79-063C-44B2191192BB" otype="Table" vid="7AD5AAFB-028B-6132-1F44-68437661DC5A">
<hideElementsInCurrentOnly>false</hideElementsInCurrentOnly>
<bounds x="84" y="324" width="344" height="73"/>
<useDefaultColor>false</useDefaultColor>
<backgroundColor>-10040320</backgroundColor>
<foregroundColor>-16776961</foregroundColor>
</OView>
<OView class="oracle.dbtools.crest.swingui.relational.TVTable" oid="F3D04BCD-AFC7-73CC-7014-0326001A6C90" otype="Table" vid="4BCF5A80-32C5-74A3-81A6-69A6ED68E8FD">
<hideElementsInCurrentOnly>false</hideElementsInCurrentOnly>
<bounds x="1659" y="909" width="310" height="188"/>
</OView>
<OView class="oracle.dbtools.crest.swingui.TVNote" oid="F8570771-2336-1136-8F5A-B2E741BEAB4D" otype="Note" vid="FD83BCDE-A492-543F-D08D-B8CE6795307D">
<hideElementsInCurrentOnly>false</hideElementsInCurrentOnly>
<bounds x="641" y="29" width="839" height="341"/>
<useDefaultColor>false</useDefaultColor>
<backgroundColor>-1</backgroundColor>
<foregroundColor>-6710887</foregroundColor>
<comment>Credit_Facilities_Limits (Data Vault Model)

HUB Meta Data  Columns:
-Business Key (BK) -  Business (concatenation of id and record source) seperatedby a &apos;|&apos; character
-LOAD_DATE (date record was loaded) - part of unique key
-RECORD_SOURCE - What source system the record came from (part of business key)


LINK Meta Data Columns:
-KEY - SHA256 Hash of  the multiple business keys from all connected hubs (used to compare if hub links relationships has changed)
-RECORD SOURCE- Which system created the relationship
-LOAD_DATE - Date teh relationship was loaded
-LAST_SEEN_DATE - populated with the Date a relationship what removed [Optional]



SATELITE Meta Data Columns
- Key (BK) taken from related Hub - part of unique key
-LOAD_DATE -  (date record was loaded) - part of unique key
-RECORD_SOURCE - What source system the record came from
-LOAD_END_DATE - Date the unique record was changed
-HASH_DIFF - Hash (SHA256T algorithm) of the concatenated Non Meta Data Columns (used to help in record change comparison)


 </comment>
</OView>
</objectViews>
<connectors>
<Connector class="oracle.dbtools.crest.swingui.relational.TVImpliedForeignKey" oid="149EBB25-AEAD-2C0C-D4A6-38A05CD88A35" otype="ImpliedForeignKey" vid_source="DAD1A437-11A3-463D-DFB5-7B7D91F16C94" vid_target="620EE741-D2DE-84BE-3189-585996E31C36">
<hideElementsInCurrentOnly>false</hideElementsInCurrentOnly>
<backgroundColor>-2472729</backgroundColor>
<lineWidth>1</lineWidth>
<points>
<point x="824" y="875"/>
<point x="306" y="875"/>
</points>
</Connector>
<Connector class="oracle.dbtools.crest.swingui.relational.TVImpliedForeignKey" oid="15F84BF9-78AD-84DC-9520-BFEEE4D11DAE" otype="ImpliedForeignKey" vid_source="FC56AA3B-B94E-066C-69A5-D016B0EA35CA" vid_target="1C75DD82-DD90-72F0-6529-DA8604341BC7">
<hideElementsInCurrentOnly>false</hideElementsInCurrentOnly>
<backgroundColor>-2472729</backgroundColor>
<lineWidth>1</lineWidth>
<points>
<point x="598" y="1339"/>
<point x="913" y="1123"/>
</points>
</Connector>
<Connector class="oracle.dbtools.crest.swingui.relational.TVImpliedForeignKey" oid="1DE68389-6C89-C660-9B00-4048806FF2CF" otype="ImpliedForeignKey" vid_source="DAD1A437-11A3-463D-DFB5-7B7D91F16C94" vid_target="3E72475F-A681-9AAA-021C-E7485727A214">
<hideElementsInCurrentOnly>false</hideElementsInCurrentOnly>
<backgroundColor>-2472729</backgroundColor>
<lineWidth>1</lineWidth>
<points>
<point x="992" y="810"/>
<point x="1166" y="598"/>
</points>
</Connector>
<Connector class="oracle.dbtools.crest.swingui.relational.TVImpliedForeignKey" oid="2209A83A-7F2E-93F3-4F68-4F439DB183AF" otype="ImpliedForeignKey" vid_source="620EE741-D2DE-84BE-3189-585996E31C36" vid_target="FC56AA3B-B94E-066C-69A5-D016B0EA35CA">
<hideElementsInCurrentOnly>false</hideElementsInCurrentOnly>
<backgroundColor>-2472729</backgroundColor>
<lineWidth>1</lineWidth>
<points>
<point x="196" y="949"/>
<point x="524" y="1339"/>
</points>
</Connector>
<Connector class="oracle.dbtools.crest.swingui.relational.TVImpliedForeignKey" oid="232C5F45-F05C-B3C2-145D-ADE07C865431" otype="ImpliedForeignKey" vid_source="DAD1A437-11A3-463D-DFB5-7B7D91F16C94" vid_target="7D62754C-1B3B-E52D-3B06-6413B84A5938">
<hideElementsInCurrentOnly>false</hideElementsInCurrentOnly>
<backgroundColor>-2472729</backgroundColor>
<lineWidth>1</lineWidth>
<points>
<point x="1071" y="916"/>
<point x="1289" y="1013"/>
</points>
</Connector>
<Connector class="oracle.dbtools.crest.swingui.relational.TVImpliedForeignKey" oid="26EE63BB-AF80-589C-7418-66FF2DB638FF" otype="ImpliedForeignKey" vid_source="FC56AA3B-B94E-066C-69A5-D016B0EA35CA" vid_target="1C75DD82-DD90-72F0-6529-DA8604341BC7">
<hideElementsInCurrentOnly>false</hideElementsInCurrentOnly>
<backgroundColor>-2472729</backgroundColor>
<lineWidth>1</lineWidth>
<points>
<point x="598" y="1339"/>
<point x="928" y="1123"/>
</points>
</Connector>
<Connector class="oracle.dbtools.crest.swingui.relational.TVImpliedForeignKey" oid="2C5CA387-139C-BC3E-C1F4-0DF4C78A06AA" otype="ImpliedForeignKey" vid_source="E44A5778-A6FB-B119-4499-3565CB473609" vid_target="428E3D80-FF6F-2B98-3767-7490872DFBCC">
<hideElementsInCurrentOnly>false</hideElementsInCurrentOnly>
<backgroundColor>-2472729</backgroundColor>
<lineWidth>1</lineWidth>
<points>
<point x="1429" y="1353"/>
<point x="1429" y="1430"/>
</points>
</Connector>
<Connector class="oracle.dbtools.crest.swingui.relational.TVImpliedForeignKey" oid="2E8059C5-3408-4348-7821-986948087394" otype="ImpliedForeignKey" vid_source="4AC0E4A4-88FF-D457-7D5B-006C4F6A1777" vid_target="85FA630F-F104-87F3-3048-1A5A472F1BF5">
<hideElementsInCurrentOnly>false</hideElementsInCurrentOnly>
<backgroundColor>-2472729</backgroundColor>
<lineWidth>1</lineWidth>
<points>
<point x="238" y="651"/>
<point x="351" y="704"/>
</points>
</Connector>
<Connector class="oracle.dbtools.crest.swingui.relational.TVImpliedForeignKey" oid="32627CDA-C5F8-70B4-7D80-597A29BCE871" otype="ImpliedForeignKey" vid_source="DAD1A437-11A3-463D-DFB5-7B7D91F16C94" vid_target="85FA630F-F104-87F3-3048-1A5A472F1BF5">
<hideElementsInCurrentOnly>false</hideElementsInCurrentOnly>
<backgroundColor>-2472729</backgroundColor>
<lineWidth>1</lineWidth>
<points>
<point x="824" y="817"/>
<point x="616" y="811"/>
</points>
</Connector>
<Connector class="oracle.dbtools.crest.swingui.relational.TVImpliedForeignKey" oid="32FB4B97-BB54-AADF-B7B6-863F62892C16" otype="ImpliedForeignKey" vid_source="DAD1A437-11A3-463D-DFB5-7B7D91F16C94" vid_target="F59A78FC-6EF9-595D-4065-5D33974B004F">
<hideElementsInCurrentOnly>false</hideElementsInCurrentOnly>
<backgroundColor>-2472729</backgroundColor>
<lineWidth>1</lineWidth>
<points>
<point x="1080" y="823"/>
<point x="1700" y="823"/>
</points>
</Connector>
<Connector class="oracle.dbtools.crest.swingui.relational.TVImpliedForeignKey" oid="364B5CC3-44F8-0BD4-4B82-1C95B81BA2AC" otype="ImpliedForeignKey" vid_source="DAD1A437-11A3-463D-DFB5-7B7D91F16C94" vid_target="1C75DD82-DD90-72F0-6529-DA8604341BC7">
<hideElementsInCurrentOnly>false</hideElementsInCurrentOnly>
<backgroundColor>-2472729</backgroundColor>
<lineWidth>1</lineWidth>
<points>
<point x="952" y="916"/>
<point x="952" y="970"/>
</points>
</Connector>
<Connector class="oracle.dbtools.crest.swingui.relational.TVImpliedForeignKey" oid="3D44AA75-E9CE-909B-124C-D26F1F9D6309" otype="ImpliedForeignKey" vid_source="DAD1A437-11A3-463D-DFB5-7B7D91F16C94" vid_target="B5C3A6DB-F1AA-04BB-0A69-242D71C0B902">
<hideElementsInCurrentOnly>false</hideElementsInCurrentOnly>
<backgroundColor>-2472729</backgroundColor>
<lineWidth>1</lineWidth>
<points>
<point x="853" y="916"/>
<point x="610" y="1047"/>
</points>
</Connector>
<Connector class="oracle.dbtools.crest.swingui.relational.TVImpliedForeignKey" oid="52068D64-07C8-3AF8-C46B-0FC728AE4C32" otype="ImpliedForeignKey" vid_source="FC56AA3B-B94E-066C-69A5-D016B0EA35CA" vid_target="1C75DD82-DD90-72F0-6529-DA8604341BC7">
<hideElementsInCurrentOnly>false</hideElementsInCurrentOnly>
<backgroundColor>-2472729</backgroundColor>
<lineWidth>1</lineWidth>
<points>
<point x="598" y="1339"/>
<point x="883" y="1123"/>
</points>
</Connector>
<Connector class="oracle.dbtools.crest.swingui.relational.TVImpliedForeignKey" oid="55E57923-8831-DCE3-6CC4-286D0B495861" otype="ImpliedForeignKey" vid_source="1E6BB0C9-21A4-0553-9855-F1564B1365E5" vid_target="85FA630F-F104-87F3-3048-1A5A472F1BF5">
<hideElementsInCurrentOnly>false</hideElementsInCurrentOnly>
<backgroundColor>-2472729</backgroundColor>
<lineWidth>1</lineWidth>
<points>
<point x="489" y="596"/>
<point x="489" y="690"/>
</points>
</Connector>
<Connector class="oracle.dbtools.crest.swingui.relational.TVImpliedForeignKey" oid="6B1223FD-F286-8AAF-DA66-7460E4553C7D" otype="ImpliedForeignKey" vid_source="899FE576-DF50-8FA2-14BD-D27DEC671568" vid_target="FC56AA3B-B94E-066C-69A5-D016B0EA35CA">
<hideElementsInCurrentOnly>false</hideElementsInCurrentOnly>
<backgroundColor>-2472729</backgroundColor>
<lineWidth>1</lineWidth>
<points>
<point x="493" y="999"/>
<point x="493" y="1339"/>
</points>
</Connector>
<Connector class="oracle.dbtools.crest.swingui.relational.TVImpliedForeignKey" oid="82BCD6AD-BDBB-AB28-312C-07C8553F80C5" otype="ImpliedForeignKey" vid_source="FC56AA3B-B94E-066C-69A5-D016B0EA35CA" vid_target="1C75DD82-DD90-72F0-6529-DA8604341BC7">
<hideElementsInCurrentOnly>false</hideElementsInCurrentOnly>
<backgroundColor>-2472729</backgroundColor>
<lineWidth>1</lineWidth>
<points>
<point x="598" y="1339"/>
<point x="898" y="1123"/>
</points>
</Connector>
<Connector class="oracle.dbtools.crest.swingui.relational.TVImpliedForeignKey" oid="85739B71-710F-7802-48AD-8325798F62F0" otype="ImpliedForeignKey" vid_source="DAD1A437-11A3-463D-DFB5-7B7D91F16C94" vid_target="A46F532B-38F6-C44D-8E4B-8DF05FAD1AC3">
<hideElementsInCurrentOnly>false</hideElementsInCurrentOnly>
<backgroundColor>-2472729</backgroundColor>
<lineWidth>1</lineWidth>
<points>
<point x="933" y="810"/>
<point x="933" y="701"/>
</points>
</Connector>
<Connector class="oracle.dbtools.crest.swingui.relational.TVImpliedForeignKey" oid="AF144519-82C5-58B6-98E7-01CE6E39FCA7" otype="ImpliedForeignKey" vid_source="E9EE6884-327F-74D3-5534-DC73180533B9" vid_target="1C75DD82-DD90-72F0-6529-DA8604341BC7">
<hideElementsInCurrentOnly>false</hideElementsInCurrentOnly>
<backgroundColor>-2472729</backgroundColor>
<lineWidth>1</lineWidth>
<points>
<point x="1086" y="1259"/>
<point x="1086" y="1123"/>
</points>
</Connector>
<Connector class="oracle.dbtools.crest.swingui.relational.TVImpliedForeignKey" oid="C1C1C7DF-F052-C7CC-2EAA-DDF933D2D255" otype="ImpliedForeignKey" vid_source="4AC0E4A4-88FF-D457-7D5B-006C4F6A1777" vid_target="620EE741-D2DE-84BE-3189-585996E31C36">
<hideElementsInCurrentOnly>false</hideElementsInCurrentOnly>
<backgroundColor>-2472729</backgroundColor>
<lineWidth>1</lineWidth>
<points>
<point x="128" y="651"/>
<point x="128" y="834"/>
</points>
</Connector>
<Connector class="oracle.dbtools.crest.swingui.relational.TVImpliedForeignKey" oid="E5E6CC0E-62C2-0018-5A73-3C2803647F0E" otype="ImpliedForeignKey" vid_source="DAD1A437-11A3-463D-DFB5-7B7D91F16C94" vid_target="899FE576-DF50-8FA2-14BD-D27DEC671568">
<hideElementsInCurrentOnly>false</hideElementsInCurrentOnly>
<backgroundColor>-2472729</backgroundColor>
<lineWidth>1</lineWidth>
<points>
<point x="824" y="900"/>
<point x="656" y="900"/>
</points>
</Connector>
<Connector class="oracle.dbtools.crest.swingui.relational.TVImpliedForeignKey" oid="F03428AE-8DBD-A947-2188-43F6A18E3CC1" otype="ImpliedForeignKey" vid_source="DAD1A437-11A3-463D-DFB5-7B7D91F16C94" vid_target="4BCF5A80-32C5-74A3-81A6-69A6ED68E8FD">
<hideElementsInCurrentOnly>false</hideElementsInCurrentOnly>
<backgroundColor>-2472729</backgroundColor>
<lineWidth>1</lineWidth>
<points>
<point x="1080" y="912"/>
<point x="1659" y="912"/>
</points>
</Connector>
<Connector class="oracle.dbtools.crest.swingui.relational.TVImpliedForeignKey" oid="F18D7541-FFF9-84F9-E945-EB426050670D" otype="ImpliedForeignKey" vid_source="FC56AA3B-B94E-066C-69A5-D016B0EA35CA" vid_target="B5C3A6DB-F1AA-04BB-0A69-242D71C0B902">
<hideElementsInCurrentOnly>false</hideElementsInCurrentOnly>
<backgroundColor>-2472729</backgroundColor>
<lineWidth>1</lineWidth>
<points>
<point x="509" y="1339"/>
<point x="509" y="1162"/>
</points>
</Connector>
<Connector class="oracle.dbtools.crest.swingui.relational.TVImpliedForeignKey" oid="F7C14E16-66F3-931C-9B6C-0E2B5C2C6C7C" otype="ImpliedForeignKey" vid_source="E44A5778-A6FB-B119-4499-3565CB473609" vid_target="1C75DD82-DD90-72F0-6529-DA8604341BC7">
<hideElementsInCurrentOnly>false</hideElementsInCurrentOnly>
<backgroundColor>-2472729</backgroundColor>
<lineWidth>1</lineWidth>
<points>
<point x="1336" y="1247"/>
<point x="1118" y="1123"/>
</points>
</Connector>
<Connector class="oracle.dbtools.crest.swingui.relational.TVImpliedForeignKey" oid="FC78188C-C10C-5622-29BB-D7309F2AEBCE" otype="ImpliedForeignKey" vid_source="DAD1A437-11A3-463D-DFB5-7B7D91F16C94" vid_target="38E5C9FA-1553-88AA-08FD-7157FBED9768">
<hideElementsInCurrentOnly>false</hideElementsInCurrentOnly>
<backgroundColor>-2472729</backgroundColor>
<lineWidth>1</lineWidth>
<points>
<point x="1061" y="810"/>
<point x="1520" y="615"/>
</points>
</Connector>
</connectors>
</Diagram>